--DATABASE OBJECTS CREATION dbo SCHEMA

SET IDENTITY_INSERT [dbo].[Action] ON 

INSERT [dbo].[Action] ([ActionId], [Code], [Name], [Description], [Type], [ModuleId], [RowStatus], [CreatedBy], [CreationDate], [UpdatedBy], [UpdatedDate]) VALUES (1, N'External.Search', N'Search', N'Search', N'Button', 10, 1, 1, CAST(N'2017-01-16T17:38:03.8800000' AS DateTime2), 1, CAST(N'2017-01-16T17:38:03.8800000' AS DateTime2))
INSERT [dbo].[Action] ([ActionId], [Code], [Name], [Description], [Type], [ModuleId], [RowStatus], [CreatedBy], [CreationDate], [UpdatedBy], [UpdatedDate]) VALUES (2, N'Internal.Search', N'Search', N'Search', N'Button', 11, 1, 1, CAST(N'2017-01-16T17:38:03.8800000' AS DateTime2), 1, CAST(N'2017-01-16T17:38:03.8800000' AS DateTime2))
INSERT [dbo].[Action] ([ActionId], [Code], [Name], [Description], [Type], [ModuleId], [RowStatus], [CreatedBy], [CreationDate], [UpdatedBy], [UpdatedDate]) VALUES (3, N'Device.Search', N'Search', N'Search', N'Button', 5, 1, 1, CAST(N'2017-01-16T17:38:03.8800000' AS DateTime2), 1, CAST(N'2017-01-16T17:38:03.8800000' AS DateTime2))
INSERT [dbo].[Action] ([ActionId], [Code], [Name], [Description], [Type], [ModuleId], [RowStatus], [CreatedBy], [CreationDate], [UpdatedBy], [UpdatedDate]) VALUES (4, N'Device.Create', N'Create', N'Create', N'Button', 5, 1, 1, CAST(N'2017-01-16T17:38:03.8800000' AS DateTime2), 1, CAST(N'2017-01-16T17:38:03.8800000' AS DateTime2))
INSERT [dbo].[Action] ([ActionId], [Code], [Name], [Description], [Type], [ModuleId], [RowStatus], [CreatedBy], [CreationDate], [UpdatedBy], [UpdatedDate]) VALUES (5, N'Device.Update', N'Update', N'Update', N'Button', 5, 1, 1, CAST(N'2017-01-16T17:38:03.8800000' AS DateTime2), 1, CAST(N'2017-01-16T17:38:03.8800000' AS DateTime2))
INSERT [dbo].[Action] ([ActionId], [Code], [Name], [Description], [Type], [ModuleId], [RowStatus], [CreatedBy], [CreationDate], [UpdatedBy], [UpdatedDate]) VALUES (6, N'Device.Delete', N'Delete', N'Delete', N'Button', 5, 1, 1, CAST(N'2017-01-16T17:38:03.8800000' AS DateTime2), 1, CAST(N'2017-01-16T17:38:03.8800000' AS DateTime2))
INSERT [dbo].[Action] ([ActionId], [Code], [Name], [Description], [Type], [ModuleId], [RowStatus], [CreatedBy], [CreationDate], [UpdatedBy], [UpdatedDate]) VALUES (7, N'Location.Search', N'Search', N'Search', N'Button', 6, 1, 1, CAST(N'2017-01-16T17:38:03.8800000' AS DateTime2), 1, CAST(N'2017-01-16T17:38:03.8800000' AS DateTime2))
INSERT [dbo].[Action] ([ActionId], [Code], [Name], [Description], [Type], [ModuleId], [RowStatus], [CreatedBy], [CreationDate], [UpdatedBy], [UpdatedDate]) VALUES (8, N'Location.Create', N'Create', N'Create', N'Button', 6, 1, 1, CAST(N'2017-01-16T17:38:03.8800000' AS DateTime2), 1, CAST(N'2017-01-16T17:38:03.8800000' AS DateTime2))
INSERT [dbo].[Action] ([ActionId], [Code], [Name], [Description], [Type], [ModuleId], [RowStatus], [CreatedBy], [CreationDate], [UpdatedBy], [UpdatedDate]) VALUES (9, N'Location.Update', N'Update', N'Update', N'Button', 6, 1, 1, CAST(N'2017-01-16T17:38:03.8800000' AS DateTime2), 1, CAST(N'2017-01-16T17:38:03.8800000' AS DateTime2))
INSERT [dbo].[Action] ([ActionId], [Code], [Name], [Description], [Type], [ModuleId], [RowStatus], [CreatedBy], [CreationDate], [UpdatedBy], [UpdatedDate]) VALUES (10, N'Location.Delete', N'Delete', N'Delete', N'Button', 6, 1, 1, CAST(N'2017-01-16T17:38:03.8800000' AS DateTime2), 1, CAST(N'2017-01-16T17:38:03.8800000' AS DateTime2))
INSERT [dbo].[Action] ([ActionId], [Code], [Name], [Description], [Type], [ModuleId], [RowStatus], [CreatedBy], [CreationDate], [UpdatedBy], [UpdatedDate]) VALUES (11, N'Module.Search', N'Search', N'Search', N'Button', 7, 1, 1, CAST(N'2017-01-16T17:38:03.8800000' AS DateTime2), 1, CAST(N'2017-01-16T17:38:03.8800000' AS DateTime2))
INSERT [dbo].[Action] ([ActionId], [Code], [Name], [Description], [Type], [ModuleId], [RowStatus], [CreatedBy], [CreationDate], [UpdatedBy], [UpdatedDate]) VALUES (12, N'Module.Create', N'Create', N'Create', N'Button', 7, 1, 1, CAST(N'2017-01-16T17:38:03.8800000' AS DateTime2), 1, CAST(N'2017-01-16T17:38:03.8800000' AS DateTime2))
INSERT [dbo].[Action] ([ActionId], [Code], [Name], [Description], [Type], [ModuleId], [RowStatus], [CreatedBy], [CreationDate], [UpdatedBy], [UpdatedDate]) VALUES (13, N'Module.Update', N'Update', N'Update', N'Button', 7, 1, 1, CAST(N'2017-01-16T17:38:03.8800000' AS DateTime2), 1, CAST(N'2017-01-16T17:38:03.8800000' AS DateTime2))
INSERT [dbo].[Action] ([ActionId], [Code], [Name], [Description], [Type], [ModuleId], [RowStatus], [CreatedBy], [CreationDate], [UpdatedBy], [UpdatedDate]) VALUES (14, N'Module.Delete', N'Delete', N'Delete', N'Button', 7, 1, 1, CAST(N'2017-01-16T17:38:03.8800000' AS DateTime2), 1, CAST(N'2017-01-16T17:38:03.8800000' AS DateTime2))
INSERT [dbo].[Action] ([ActionId], [Code], [Name], [Description], [Type], [ModuleId], [RowStatus], [CreatedBy], [CreationDate], [UpdatedBy], [UpdatedDate]) VALUES (15, N'Role.Search', N'Search', N'Search', N'Button', 8, 1, 1, CAST(N'2017-01-16T17:38:03.8800000' AS DateTime2), 1, CAST(N'2017-01-16T17:38:03.8800000' AS DateTime2))
INSERT [dbo].[Action] ([ActionId], [Code], [Name], [Description], [Type], [ModuleId], [RowStatus], [CreatedBy], [CreationDate], [UpdatedBy], [UpdatedDate]) VALUES (16, N'Role.Create', N'Create', N'Create', N'Button', 8, 1, 1, CAST(N'2017-01-16T17:38:03.8800000' AS DateTime2), 1, CAST(N'2017-01-16T17:38:03.8800000' AS DateTime2))
INSERT [dbo].[Action] ([ActionId], [Code], [Name], [Description], [Type], [ModuleId], [RowStatus], [CreatedBy], [CreationDate], [UpdatedBy], [UpdatedDate]) VALUES (17, N'Role.Update', N'Update', N'Update', N'Button', 8, 1, 1, CAST(N'2017-01-16T17:38:03.8800000' AS DateTime2), 1, CAST(N'2017-01-16T17:38:03.8800000' AS DateTime2))
INSERT [dbo].[Action] ([ActionId], [Code], [Name], [Description], [Type], [ModuleId], [RowStatus], [CreatedBy], [CreationDate], [UpdatedBy], [UpdatedDate]) VALUES (18, N'Role.Delete', N'Delete', N'Delete', N'Button', 8, 1, 1, CAST(N'2017-01-16T17:38:03.8800000' AS DateTime2), 1, CAST(N'2017-01-16T17:38:03.8800000' AS DateTime2))
INSERT [dbo].[Action] ([ActionId], [Code], [Name], [Description], [Type], [ModuleId], [RowStatus], [CreatedBy], [CreationDate], [UpdatedBy], [UpdatedDate]) VALUES (19, N'User.Search', N'Search', N'Search', N'Button', 9, 1, 1, CAST(N'2017-01-16T17:38:03.8800000' AS DateTime2), 1, CAST(N'2017-01-16T17:38:03.8800000' AS DateTime2))
INSERT [dbo].[Action] ([ActionId], [Code], [Name], [Description], [Type], [ModuleId], [RowStatus], [CreatedBy], [CreationDate], [UpdatedBy], [UpdatedDate]) VALUES (20, N'User.Create', N'Create', N'Create', N'Button', 9, 1, 1, CAST(N'2017-01-16T17:38:03.8800000' AS DateTime2), 1, CAST(N'2017-01-16T17:38:03.8800000' AS DateTime2))
INSERT [dbo].[Action] ([ActionId], [Code], [Name], [Description], [Type], [ModuleId], [RowStatus], [CreatedBy], [CreationDate], [UpdatedBy], [UpdatedDate]) VALUES (21, N'User.Update', N'Update', N'Update', N'Button', 9, 1, 1, CAST(N'2017-01-16T17:38:03.8800000' AS DateTime2), 1, CAST(N'2017-01-16T17:38:03.8800000' AS DateTime2))
INSERT [dbo].[Action] ([ActionId], [Code], [Name], [Description], [Type], [ModuleId], [RowStatus], [CreatedBy], [CreationDate], [UpdatedBy], [UpdatedDate]) VALUES (22, N'User.Delete', N'Delete', N'Delete', N'Button', 9, 1, 1, CAST(N'2017-01-16T17:38:03.8800000' AS DateTime2), 1, CAST(N'2017-01-16T17:38:03.8800000' AS DateTime2))
INSERT [dbo].[Action] ([ActionId], [Code], [Name], [Description], [Type], [ModuleId], [RowStatus], [CreatedBy], [CreationDate], [UpdatedBy], [UpdatedDate]) VALUES (23, N'Last24Hours.Search', N'Search', N'Search', N'Button', 12, 1, 1, CAST(N'2017-01-16T17:38:03.8800000' AS DateTime2), 1, CAST(N'2017-01-16T17:38:03.8800000' AS DateTime2))
INSERT [dbo].[Action] ([ActionId], [Code], [Name], [Description], [Type], [ModuleId], [RowStatus], [CreatedBy], [CreationDate], [UpdatedBy], [UpdatedDate]) VALUES (24, N'LatestPositio.Search', N'Search', N'Search', N'Button', 13, 1, 1, CAST(N'2017-01-16T17:38:03.8800000' AS DateTime2), 1, CAST(N'2017-01-16T17:38:03.8800000' AS DateTime2))
INSERT [dbo].[Action] ([ActionId], [Code], [Name], [Description], [Type], [ModuleId], [RowStatus], [CreatedBy], [CreationDate], [UpdatedBy], [UpdatedDate]) VALUES (25, N'ActivityLog.Search', N'Search', N'Search', N'Button', 14, 1, 1, CAST(N'2017-01-16T17:38:03.8800000' AS DateTime2), 1, CAST(N'2017-01-16T17:38:03.8800000' AS DateTime2))
INSERT [dbo].[Action] ([ActionId], [Code], [Name], [Description], [Type], [ModuleId], [RowStatus], [CreatedBy], [CreationDate], [UpdatedBy], [UpdatedDate]) VALUES (26, N'PayReport.Search', N'Search', N'Search', N'Button', 16, 1, 1, CAST(N'2017-01-16T17:38:03.8800000' AS DateTime2), 1, CAST(N'2017-01-16T17:38:03.8800000' AS DateTime2))
INSERT [dbo].[Action] ([ActionId], [Code], [Name], [Description], [Type], [ModuleId], [RowStatus], [CreatedBy], [CreationDate], [UpdatedBy], [UpdatedDate]) VALUES (27, N'WeeklyReport.Search', N'Search', N'Search', N'Button', 17, 1, 1, CAST(N'2017-01-16T17:38:03.8800000' AS DateTime2), 1, CAST(N'2017-01-16T17:38:03.8800000' AS DateTime2))
INSERT [dbo].[Action] ([ActionId], [Code], [Name], [Description], [Type], [ModuleId], [RowStatus], [CreatedBy], [CreationDate], [UpdatedBy], [UpdatedDate]) VALUES (28, N'Approval.Search', N'Search', N'Search', N'Button', 15, 1, 1, CAST(N'2017-01-16T17:38:03.8800000' AS DateTime2), 1, CAST(N'2017-01-16T17:38:03.8800000' AS DateTime2))
INSERT [dbo].[Action] ([ActionId], [Code], [Name], [Description], [Type], [ModuleId], [RowStatus], [CreatedBy], [CreationDate], [UpdatedBy], [UpdatedDate]) VALUES (29, N'Approval.Approve', N'Approve', N'Approve', N'Button', 15, 1, 1, CAST(N'2017-01-16T17:38:03.8800000' AS DateTime2), 1, CAST(N'2017-01-16T17:38:03.8800000' AS DateTime2))
INSERT [dbo].[Action] ([ActionId], [Code], [Name], [Description], [Type], [ModuleId], [RowStatus], [CreatedBy], [CreationDate], [UpdatedBy], [UpdatedDate]) VALUES (30, N'Approval.Reject', N'Reject', N'Reject', N'Button', 15, 1, 1, CAST(N'2017-01-16T17:38:03.8800000' AS DateTime2), 1, CAST(N'2017-01-16T17:38:03.8800000' AS DateTime2))
INSERT [dbo].[Action] ([ActionId], [Code], [Name], [Description], [Type], [ModuleId], [RowStatus], [CreatedBy], [CreationDate], [UpdatedBy], [UpdatedDate]) VALUES (31, N'Approval.Save', N'Save', N'Save', N'Button', 15, 1, 1, CAST(N'2017-01-16T17:38:03.8800000' AS DateTime2), 1, CAST(N'2017-01-16T17:38:03.8800000' AS DateTime2))
INSERT [dbo].[Action] ([ActionId], [Code], [Name], [Description], [Type], [ModuleId], [RowStatus], [CreatedBy], [CreationDate], [UpdatedBy], [UpdatedDate]) VALUES (32, N'User.Only.Driver', N'User.Only.Driver', N'User.Only.Driver', N'Button', 9, 1, 3015, CAST(N'2017-03-01T20:12:21.1142069' AS DateTime2), NULL, NULL)
INSERT [dbo].[Action] ([ActionId], [Code], [Name], [Description], [Type], [ModuleId], [RowStatus], [CreatedBy], [CreationDate], [UpdatedBy], [UpdatedDate]) VALUES (33, N'AT.Contract.Search', N'Search', N'Search', N'Button', 19, 1, 1, CAST(N'2017-05-31T05:28:22.5400000' AS DateTime2), NULL, NULL)
INSERT [dbo].[Action] ([ActionId], [Code], [Name], [Description], [Type], [ModuleId], [RowStatus], [CreatedBy], [CreationDate], [UpdatedBy], [UpdatedDate]) VALUES (34, N'AT.Contract.Create', N'Create', N'Create', N'Button', 19, 1, 1, CAST(N'2017-05-31T05:28:22.7733333' AS DateTime2), NULL, NULL)
INSERT [dbo].[Action] ([ActionId], [Code], [Name], [Description], [Type], [ModuleId], [RowStatus], [CreatedBy], [CreationDate], [UpdatedBy], [UpdatedDate]) VALUES (35, N'AT.Contract.Update', N'Update', N'Update', N'Button', 19, 1, 1, CAST(N'2017-05-31T05:28:23.0100000' AS DateTime2), NULL, NULL)
INSERT [dbo].[Action] ([ActionId], [Code], [Name], [Description], [Type], [ModuleId], [RowStatus], [CreatedBy], [CreationDate], [UpdatedBy], [UpdatedDate]) VALUES (36, N'AT.Contract.Delete', N'Delete', N'Delete', N'Button', 19, 1, 1, CAST(N'2017-05-31T05:28:23.2266667' AS DateTime2), NULL, NULL)
INSERT [dbo].[Action] ([ActionId], [Code], [Name], [Description], [Type], [ModuleId], [RowStatus], [CreatedBy], [CreationDate], [UpdatedBy], [UpdatedDate]) VALUES (37, N'AT.Tenant.Search', N'Search', N'Search', N'Button', 20, 1, 1, CAST(N'2017-05-31T05:28:23.4600000' AS DateTime2), NULL, NULL)
INSERT [dbo].[Action] ([ActionId], [Code], [Name], [Description], [Type], [ModuleId], [RowStatus], [CreatedBy], [CreationDate], [UpdatedBy], [UpdatedDate]) VALUES (38, N'AT.Tenant.Create', N'Create', N'Create', N'Button', 20, 1, 1, CAST(N'2017-05-31T05:28:23.6800000' AS DateTime2), NULL, NULL)
INSERT [dbo].[Action] ([ActionId], [Code], [Name], [Description], [Type], [ModuleId], [RowStatus], [CreatedBy], [CreationDate], [UpdatedBy], [UpdatedDate]) VALUES (39, N'AT.Tenant.Update', N'Update', N'Update', N'Button', 20, 1, 1, CAST(N'2017-05-31T05:28:23.9300000' AS DateTime2), NULL, NULL)
INSERT [dbo].[Action] ([ActionId], [Code], [Name], [Description], [Type], [ModuleId], [RowStatus], [CreatedBy], [CreationDate], [UpdatedBy], [UpdatedDate]) VALUES (40, N'AT.Tenant.Delete', N'Delete', N'Delete', N'Button', 20, 1, 1, CAST(N'2017-05-31T05:28:24.1500000' AS DateTime2), NULL, NULL)
INSERT [dbo].[Action] ([ActionId], [Code], [Name], [Description], [Type], [ModuleId], [RowStatus], [CreatedBy], [CreationDate], [UpdatedBy], [UpdatedDate]) VALUES (41, N'AT.House.Search', N'Search', N'Search', N'Button', 21, 1, 1, CAST(N'2017-08-07T17:39:57.3333333' AS DateTime2), NULL, NULL)
INSERT [dbo].[Action] ([ActionId], [Code], [Name], [Description], [Type], [ModuleId], [RowStatus], [CreatedBy], [CreationDate], [UpdatedBy], [UpdatedDate]) VALUES (42, N'AT.House.Create', N'Create', N'Create', N'Button', 21, 1, 1, CAST(N'2017-08-07T17:39:57.3466667' AS DateTime2), NULL, NULL)
INSERT [dbo].[Action] ([ActionId], [Code], [Name], [Description], [Type], [ModuleId], [RowStatus], [CreatedBy], [CreationDate], [UpdatedBy], [UpdatedDate]) VALUES (43, N'AT.House.Update', N'Update', N'Update', N'Button', 21, 1, 1, CAST(N'2017-08-07T17:39:57.3466667' AS DateTime2), NULL, NULL)
INSERT [dbo].[Action] ([ActionId], [Code], [Name], [Description], [Type], [ModuleId], [RowStatus], [CreatedBy], [CreationDate], [UpdatedBy], [UpdatedDate]) VALUES (44, N'AT.House.Delete', N'Delete', N'Delete', N'Button', 21, 1, 1, CAST(N'2017-08-07T17:39:57.3633333' AS DateTime2), NULL, NULL)
INSERT [dbo].[Action] ([ActionId], [Code], [Name], [Description], [Type], [ModuleId], [RowStatus], [CreatedBy], [CreationDate], [UpdatedBy], [UpdatedDate]) VALUES (45, N'AT.Payment.Search', N'Search', N'Search', N'Button', 23, 1, 1, CAST(N'2017-10-25T21:47:30.7333333' AS DateTime2), NULL, NULL)
INSERT [dbo].[Action] ([ActionId], [Code], [Name], [Description], [Type], [ModuleId], [RowStatus], [CreatedBy], [CreationDate], [UpdatedBy], [UpdatedDate]) VALUES (46, N'AT.Payment.Create', N'Create', N'Create', N'Button', 23, 1, 1, CAST(N'2017-10-25T21:47:30.7333333' AS DateTime2), NULL, NULL)
INSERT [dbo].[Action] ([ActionId], [Code], [Name], [Description], [Type], [ModuleId], [RowStatus], [CreatedBy], [CreationDate], [UpdatedBy], [UpdatedDate]) VALUES (47, N'AT.Payment.Update', N'Update', N'Update', N'Button', 23, 1, 1, CAST(N'2017-10-25T21:47:30.7500000' AS DateTime2), NULL, NULL)
INSERT [dbo].[Action] ([ActionId], [Code], [Name], [Description], [Type], [ModuleId], [RowStatus], [CreatedBy], [CreationDate], [UpdatedBy], [UpdatedDate]) VALUES (48, N'AT.Payment.Delete', N'Delete', N'Delete', N'Button', 23, 1, 1, CAST(N'2017-10-25T21:47:30.7500000' AS DateTime2), NULL, NULL)
INSERT [dbo].[Action] ([ActionId], [Code], [Name], [Description], [Type], [ModuleId], [RowStatus], [CreatedBy], [CreationDate], [UpdatedBy], [UpdatedDate]) VALUES (53, N'AT.RentalApp.Search', N'Search', N'Search', N'Button', 27, 1, 1, CAST(N'2017-11-05T18:14:11.9133333' AS DateTime2), NULL, NULL)
INSERT [dbo].[Action] ([ActionId], [Code], [Name], [Description], [Type], [ModuleId], [RowStatus], [CreatedBy], [CreationDate], [UpdatedBy], [UpdatedDate]) VALUES (54, N'AT.RentalApp.Create', N'Create', N'Create', N'Button', 27, 1, 1, CAST(N'2017-11-05T18:14:11.9433333' AS DateTime2), NULL, NULL)
INSERT [dbo].[Action] ([ActionId], [Code], [Name], [Description], [Type], [ModuleId], [RowStatus], [CreatedBy], [CreationDate], [UpdatedBy], [UpdatedDate]) VALUES (55, N'AT.RentalApp.Update', N'Update', N'Update', N'Button', 27, 1, 1, CAST(N'2017-11-05T18:14:11.9600000' AS DateTime2), NULL, NULL)
INSERT [dbo].[Action] ([ActionId], [Code], [Name], [Description], [Type], [ModuleId], [RowStatus], [CreatedBy], [CreationDate], [UpdatedBy], [UpdatedDate]) VALUES (56, N'AT.RentalApp.Delete', N'Delete', N'Delete', N'Button', 27, 1, 1, CAST(N'2017-11-05T18:14:11.9600000' AS DateTime2), NULL, NULL)
SET IDENTITY_INSERT [dbo].[Action] OFF
SET IDENTITY_INSERT [dbo].[AmigoTenantTRole] ON 

INSERT [dbo].[AmigoTenantTRole] ([AmigoTenantTRoleId], [Code], [Name], [IsAdmin], [RowStatus], [CreatedBy], [CreationDate], [UpdatedBy], [UpdatedDate]) VALUES (1, N'ROOT', N'ROOT', 1, 1, 1, CAST(N'2017-01-16T17:38:04.1230000' AS DateTime2), 1, CAST(N'2017-01-16T17:38:04.1230000' AS DateTime2))
INSERT [dbo].[AmigoTenantTRole] ([AmigoTenantTRoleId], [Code], [Name], [IsAdmin], [RowStatus], [CreatedBy], [CreationDate], [UpdatedBy], [UpdatedDate]) VALUES (2, N'ADMINISTRATOR', N'ADMINISTRATOR', 0, 1, NULL, NULL, NULL, NULL)
INSERT [dbo].[AmigoTenantTRole] ([AmigoTenantTRoleId], [Code], [Name], [IsAdmin], [RowStatus], [CreatedBy], [CreationDate], [UpdatedBy], [UpdatedDate]) VALUES (3, N'DRIVER', N'DRIVER', 0, 0, NULL, NULL, NULL, NULL)
INSERT [dbo].[AmigoTenantTRole] ([AmigoTenantTRoleId], [Code], [Name], [IsAdmin], [RowStatus], [CreatedBy], [CreationDate], [UpdatedBy], [UpdatedDate]) VALUES (4, N'CUSTOMER', N'CUSTOMER', 0, 1, NULL, NULL, NULL, NULL)
INSERT [dbo].[AmigoTenantTRole] ([AmigoTenantTRoleId], [Code], [Name], [IsAdmin], [RowStatus], [CreatedBy], [CreationDate], [UpdatedBy], [UpdatedDate]) VALUES (5, N'USER', N'USER1', 0, 0, NULL, NULL, NULL, NULL)
INSERT [dbo].[AmigoTenantTRole] ([AmigoTenantTRoleId], [Code], [Name], [IsAdmin], [RowStatus], [CreatedBy], [CreationDate], [UpdatedBy], [UpdatedDate]) VALUES (11, N'C001', N'C001', 0, 0, NULL, NULL, NULL, NULL)
INSERT [dbo].[AmigoTenantTRole] ([AmigoTenantTRoleId], [Code], [Name], [IsAdmin], [RowStatus], [CreatedBy], [CreationDate], [UpdatedBy], [UpdatedDate]) VALUES (12, N'DISPATCHER', N'DISPATCHER', 0, 0, NULL, NULL, NULL, NULL)
INSERT [dbo].[AmigoTenantTRole] ([AmigoTenantTRoleId], [Code], [Name], [IsAdmin], [RowStatus], [CreatedBy], [CreationDate], [UpdatedBy], [UpdatedDate]) VALUES (13, N'TERMINAL', N'TERMINAL', 0, 0, NULL, NULL, NULL, NULL)
INSERT [dbo].[AmigoTenantTRole] ([AmigoTenantTRoleId], [Code], [Name], [IsAdmin], [RowStatus], [CreatedBy], [CreationDate], [UpdatedBy], [UpdatedDate]) VALUES (14, N'XST', N'XST', 0, 0, NULL, NULL, NULL, NULL)
INSERT [dbo].[AmigoTenantTRole] ([AmigoTenantTRoleId], [Code], [Name], [IsAdmin], [RowStatus], [CreatedBy], [CreationDate], [UpdatedBy], [UpdatedDate]) VALUES (15, N'TEST9', N'TEST9', 0, 0, NULL, NULL, NULL, NULL)
INSERT [dbo].[AmigoTenantTRole] ([AmigoTenantTRoleId], [Code], [Name], [IsAdmin], [RowStatus], [CreatedBy], [CreationDate], [UpdatedBy], [UpdatedDate]) VALUES (16, N'TEST10', N'TEST10', 0, 0, NULL, NULL, NULL, NULL)
INSERT [dbo].[AmigoTenantTRole] ([AmigoTenantTRoleId], [Code], [Name], [IsAdmin], [RowStatus], [CreatedBy], [CreationDate], [UpdatedBy], [UpdatedDate]) VALUES (17, N'XST2', N'XST2', 0, 0, NULL, NULL, NULL, NULL)
INSERT [dbo].[AmigoTenantTRole] ([AmigoTenantTRoleId], [Code], [Name], [IsAdmin], [RowStatus], [CreatedBy], [CreationDate], [UpdatedBy], [UpdatedDate]) VALUES (18, N'XST3', N'XST3', 0, 0, NULL, NULL, NULL, NULL)
SET IDENTITY_INSERT [dbo].[AmigoTenantTRole] OFF
INSERT [dbo].[AmigoTenantTUser] ([AmigoTenantTUserId], [Username], [FirstName], [LastName], [AmigoTenantTRoleId], [PayBy], [UserType], [DedicatedLocationId], [BypassDeviceValidation], [UnitNumber], [TractorNumber], [RowStatus], [CreatedBy], [CreationDate], [UpdatedBy], [UpdatedDate]) VALUES (3015, N'Root', N'Amigo', N'Tenant', 1, NULL, N'2', NULL, NULL, NULL, NULL, 1, 1, CAST(N'2017-01-16T17:38:04.3000000' AS DateTime2), 3015, CAST(N'2017-02-22T22:02:18.6718173' AS DateTime2))
INSERT [dbo].[AmigoTenantTUser] ([AmigoTenantTUserId], [Username], [FirstName], [LastName], [AmigoTenantTRoleId], [PayBy], [UserType], [DedicatedLocationId], [BypassDeviceValidation], [UnitNumber], [TractorNumber], [RowStatus], [CreatedBy], [CreationDate], [UpdatedBy], [UpdatedDate]) VALUES (3016, N'10698T', N'John', N'Smith', 3, N'M', N'1', NULL, 0, NULL, NULL, 0, 3015, CAST(N'2017-01-17T14:03:47.9201956' AS DateTime2), 3015, CAST(N'2017-04-10T22:52:58.5111994' AS DateTime2))
INSERT [dbo].[AmigoTenantTUser] ([AmigoTenantTUserId], [Username], [FirstName], [LastName], [AmigoTenantTRoleId], [PayBy], [UserType], [DedicatedLocationId], [BypassDeviceValidation], [UnitNumber], [TractorNumber], [RowStatus], [CreatedBy], [CreationDate], [UpdatedBy], [UpdatedDate]) VALUES (3017, N'10688G', N'Juan', N'Vera', 3, N'M', N'1', NULL, 1, N'123', N'456', 0, 3015, CAST(N'2017-01-17T14:10:22.4642830' AS DateTime2), 3015, CAST(N'2017-03-27T22:26:12.0500000' AS DateTime2))
INSERT [dbo].[AmigoTenantTUser] ([AmigoTenantTUserId], [Username], [FirstName], [LastName], [AmigoTenantTRoleId], [PayBy], [UserType], [DedicatedLocationId], [BypassDeviceValidation], [UnitNumber], [TractorNumber], [RowStatus], [CreatedBy], [CreationDate], [UpdatedBy], [UpdatedDate]) VALUES (3018, N'108C76', N'A', N'A', 3, N'H', N'1', NULL, 1, NULL, NULL, 0, 3015, CAST(N'2017-01-17T14:16:35.8215830' AS DateTime2), 3015, CAST(N'2017-03-27T22:26:12.0500000' AS DateTime2))
INSERT [dbo].[AmigoTenantTUser] ([AmigoTenantTUserId], [Username], [FirstName], [LastName], [AmigoTenantTRoleId], [PayBy], [UserType], [DedicatedLocationId], [BypassDeviceValidation], [UnitNumber], [TractorNumber], [RowStatus], [CreatedBy], [CreationDate], [UpdatedBy], [UpdatedDate]) VALUES (3019, N'administrator', N'AmigoTenant', N'Admin', 2, N'', N'2', NULL, NULL, NULL, NULL, 1, 3015, CAST(N'2017-01-17T15:09:26.9210630' AS DateTime2), NULL, NULL)
INSERT [dbo].[AmigoTenantTUser] ([AmigoTenantTUserId], [Username], [FirstName], [LastName], [AmigoTenantTRoleId], [PayBy], [UserType], [DedicatedLocationId], [BypassDeviceValidation], [UnitNumber], [TractorNumber], [RowStatus], [CreatedBy], [CreationDate], [UpdatedBy], [UpdatedDate]) VALUES (3020, N'108G69', N'Peter', N'Brown', 3, N'M', N'1', NULL, 1, NULL, NULL, 0, 3019, CAST(N'2017-01-17T15:29:46.1428065' AS DateTime2), 3019, CAST(N'2017-03-27T22:26:12.0500000' AS DateTime2))
INSERT [dbo].[AmigoTenantTUser] ([AmigoTenantTUserId], [Username], [FirstName], [LastName], [AmigoTenantTRoleId], [PayBy], [UserType], [DedicatedLocationId], [BypassDeviceValidation], [UnitNumber], [TractorNumber], [RowStatus], [CreatedBy], [CreationDate], [UpdatedBy], [UpdatedDate]) VALUES (3021, N'WAGUILAR', N'Walter', N'Aguilar', 3, N'M', N'1', NULL, NULL, NULL, NULL, 0, 3015, CAST(N'2017-01-17T21:48:07.2806052' AS DateTime2), 3015, CAST(N'2017-04-20T14:57:08.5231296' AS DateTime2))
INSERT [dbo].[AmigoTenantTUser] ([AmigoTenantTUserId], [Username], [FirstName], [LastName], [AmigoTenantTRoleId], [PayBy], [UserType], [DedicatedLocationId], [BypassDeviceValidation], [UnitNumber], [TractorNumber], [RowStatus], [CreatedBy], [CreationDate], [UpdatedBy], [UpdatedDate]) VALUES (3023, N'jhonatan.tirado', N'Jhonatan', N'Tirado', 2, N'', N'2', NULL, NULL, NULL, NULL, 0, 3015, CAST(N'2017-01-18T21:55:54.5222335' AS DateTime2), 3015, CAST(N'2017-01-26T14:03:33.1760606' AS DateTime2))
INSERT [dbo].[AmigoTenantTUser] ([AmigoTenantTUserId], [Username], [FirstName], [LastName], [AmigoTenantTRoleId], [PayBy], [UserType], [DedicatedLocationId], [BypassDeviceValidation], [UnitNumber], [TractorNumber], [RowStatus], [CreatedBy], [CreationDate], [UpdatedBy], [UpdatedDate]) VALUES (3024, N'10613C', N'Rolf', N'Wiedenmeyer', 3, N'M', N'1', NULL, NULL, N'456', N'789', 0, 3015, CAST(N'2017-01-23T14:28:30.1370848' AS DateTime2), 3015, CAST(N'2017-03-27T22:26:12.0500000' AS DateTime2))
INSERT [dbo].[AmigoTenantTUser] ([AmigoTenantTUserId], [Username], [FirstName], [LastName], [AmigoTenantTRoleId], [PayBy], [UserType], [DedicatedLocationId], [BypassDeviceValidation], [UnitNumber], [TractorNumber], [RowStatus], [CreatedBy], [CreationDate], [UpdatedBy], [UpdatedDate]) VALUES (3025, N'127A27', N'A', N'B', 3, N'M', N'1', NULL, NULL, NULL, NULL, 0, 3015, CAST(N'2017-01-23T21:51:52.3176270' AS DateTime2), 3015, CAST(N'2017-04-17T15:52:03.6683264' AS DateTime2))
INSERT [dbo].[AmigoTenantTUser] ([AmigoTenantTUserId], [Username], [FirstName], [LastName], [AmigoTenantTRoleId], [PayBy], [UserType], [DedicatedLocationId], [BypassDeviceValidation], [UnitNumber], [TractorNumber], [RowStatus], [CreatedBy], [CreationDate], [UpdatedBy], [UpdatedDate]) VALUES (3027, N'Elton.Lara', N'Elton Hamilton', N'Lara Ferrel', 2, N'', N'2', NULL, NULL, N'', N'', 0, 3015, CAST(N'2017-01-26T13:54:15.1228022' AS DateTime2), 3015, CAST(N'2017-01-26T17:43:09.9461803' AS DateTime2))
INSERT [dbo].[AmigoTenantTUser] ([AmigoTenantTUserId], [Username], [FirstName], [LastName], [AmigoTenantTRoleId], [PayBy], [UserType], [DedicatedLocationId], [BypassDeviceValidation], [UnitNumber], [TractorNumber], [RowStatus], [CreatedBy], [CreationDate], [UpdatedBy], [UpdatedDate]) VALUES (3028, N'diego.alf', N'Diego', N'Alfaro', 4, N'', N'3', NULL, NULL, N'', N'', 0, 3015, CAST(N'2017-01-26T18:07:56.9614020' AS DateTime2), NULL, NULL)
INSERT [dbo].[AmigoTenantTUser] ([AmigoTenantTUserId], [Username], [FirstName], [LastName], [AmigoTenantTRoleId], [PayBy], [UserType], [DedicatedLocationId], [BypassDeviceValidation], [UnitNumber], [TractorNumber], [RowStatus], [CreatedBy], [CreationDate], [UpdatedBy], [UpdatedDate]) VALUES (3029, N'Diego.Alfaro', N'Diego', N'Alfaro Vives', 5, N'', N'2', NULL, NULL, N'', N'', 0, 3015, CAST(N'2017-01-26T18:11:09.3710739' AS DateTime2), 3015, CAST(N'2017-01-26T18:11:30.2100924' AS DateTime2))
INSERT [dbo].[AmigoTenantTUser] ([AmigoTenantTUserId], [Username], [FirstName], [LastName], [AmigoTenantTRoleId], [PayBy], [UserType], [DedicatedLocationId], [BypassDeviceValidation], [UnitNumber], [TractorNumber], [RowStatus], [CreatedBy], [CreationDate], [UpdatedBy], [UpdatedDate]) VALUES (3030, N'PEDRO.FLORES', N'Pedro', N'Flores', 1, N'M', N'1', NULL, NULL, N'', N'', 0, 3015, CAST(N'2017-01-26T18:15:05.7931471' AS DateTime2), 3015, CAST(N'2017-01-26T18:16:00.7320419' AS DateTime2))
INSERT [dbo].[AmigoTenantTUser] ([AmigoTenantTUserId], [Username], [FirstName], [LastName], [AmigoTenantTRoleId], [PayBy], [UserType], [DedicatedLocationId], [BypassDeviceValidation], [UnitNumber], [TractorNumber], [RowStatus], [CreatedBy], [CreationDate], [UpdatedBy], [UpdatedDate]) VALUES (3031, N'Enrique.Arenas', N'Enrique', N'Arenas', 5, N'', N'2', NULL, NULL, N'', N'', 0, 3015, CAST(N'2017-01-26T18:17:07.0644247' AS DateTime2), 3015, CAST(N'2017-01-26T18:17:13.4832516' AS DateTime2))
INSERT [dbo].[AmigoTenantTUser] ([AmigoTenantTUserId], [Username], [FirstName], [LastName], [AmigoTenantTRoleId], [PayBy], [UserType], [DedicatedLocationId], [BypassDeviceValidation], [UnitNumber], [TractorNumber], [RowStatus], [CreatedBy], [CreationDate], [UpdatedBy], [UpdatedDate]) VALUES (3032, N'james.romero', N'James', N'Romero', 3, N'', N'2', NULL, NULL, N'', N'', 0, 3015, CAST(N'2017-01-26T22:15:50.0695976' AS DateTime2), 3015, CAST(N'2017-03-27T22:26:12.0500000' AS DateTime2))
INSERT [dbo].[AmigoTenantTUser] ([AmigoTenantTUserId], [Username], [FirstName], [LastName], [AmigoTenantTRoleId], [PayBy], [UserType], [DedicatedLocationId], [BypassDeviceValidation], [UnitNumber], [TractorNumber], [RowStatus], [CreatedBy], [CreationDate], [UpdatedBy], [UpdatedDate]) VALUES (3034, N'walter.aguilar', N'Walter', N'Aguilar', 5, N'', N'2', NULL, NULL, N'', N'', 0, 3015, CAST(N'2017-01-26T22:39:52.4525410' AS DateTime2), NULL, NULL)
INSERT [dbo].[AmigoTenantTUser] ([AmigoTenantTUserId], [Username], [FirstName], [LastName], [AmigoTenantTRoleId], [PayBy], [UserType], [DedicatedLocationId], [BypassDeviceValidation], [UnitNumber], [TractorNumber], [RowStatus], [CreatedBy], [CreationDate], [UpdatedBy], [UpdatedDate]) VALUES (3036, N'daguirre', N'Diego', N'Aguirre', 3, N'H', N'1', NULL, NULL, N'214', N'4214124', 0, 3015, CAST(N'2017-01-27T15:01:37.3051309' AS DateTime2), 3023, CAST(N'2017-03-27T22:26:12.0500000' AS DateTime2))
INSERT [dbo].[AmigoTenantTUser] ([AmigoTenantTUserId], [Username], [FirstName], [LastName], [AmigoTenantTRoleId], [PayBy], [UserType], [DedicatedLocationId], [BypassDeviceValidation], [UnitNumber], [TractorNumber], [RowStatus], [CreatedBy], [CreationDate], [UpdatedBy], [UpdatedDate]) VALUES (3037, N'jpaucar', N'Jose', N'Paucar', 3, N'M', N'1', NULL, NULL, N'', N'', 0, 3015, CAST(N'2017-01-27T15:02:03.3870106' AS DateTime2), 3015, CAST(N'2017-04-11T23:08:42.5196339' AS DateTime2))
INSERT [dbo].[AmigoTenantTUser] ([AmigoTenantTUserId], [Username], [FirstName], [LastName], [AmigoTenantTRoleId], [PayBy], [UserType], [DedicatedLocationId], [BypassDeviceValidation], [UnitNumber], [TractorNumber], [RowStatus], [CreatedBy], [CreationDate], [UpdatedBy], [UpdatedDate]) VALUES (3038, N'DIEGOAGUIRRE', N'Diego', N'Aguirre', 3, N'M', N'1', NULL, NULL, N'124124', N'325643643', 0, 3015, CAST(N'2017-01-27T15:34:31.9377080' AS DateTime2), 3023, CAST(N'2017-03-27T22:26:12.0500000' AS DateTime2))
INSERT [dbo].[AmigoTenantTUser] ([AmigoTenantTUserId], [Username], [FirstName], [LastName], [AmigoTenantTRoleId], [PayBy], [UserType], [DedicatedLocationId], [BypassDeviceValidation], [UnitNumber], [TractorNumber], [RowStatus], [CreatedBy], [CreationDate], [UpdatedBy], [UpdatedDate]) VALUES (3039, N'IMEDINA', N'ALEJANDRO', N'MEDINA', 17, N'', N'3', NULL, 0, N'', N'', 0, 3015, CAST(N'2017-01-30T14:40:36.0926464' AS DateTime2), 3015, CAST(N'2017-03-13T19:01:16.1835124' AS DateTime2))
INSERT [dbo].[AmigoTenantTUser] ([AmigoTenantTUserId], [Username], [FirstName], [LastName], [AmigoTenantTRoleId], [PayBy], [UserType], [DedicatedLocationId], [BypassDeviceValidation], [UnitNumber], [TractorNumber], [RowStatus], [CreatedBy], [CreationDate], [UpdatedBy], [UpdatedDate]) VALUES (3066, N'124568', N'Jesus M', N'Trevino', 3, N'M', N'1', NULL, 1, N'124027', NULL, 0, 1, CAST(N'2017-02-02T15:59:57.6000000' AS DateTime2), 3015, CAST(N'2017-04-10T14:34:26.7909714' AS DateTime2))
INSERT [dbo].[AmigoTenantTUser] ([AmigoTenantTUserId], [Username], [FirstName], [LastName], [AmigoTenantTRoleId], [PayBy], [UserType], [DedicatedLocationId], [BypassDeviceValidation], [UnitNumber], [TractorNumber], [RowStatus], [CreatedBy], [CreationDate], [UpdatedBy], [UpdatedDate]) VALUES (3067, N'124583', N'Donald', N'Roberson', 3, N'M', N'1', NULL, 0, N'124041', NULL, 0, 1, CAST(N'2017-02-02T15:59:57.6000000' AS DateTime2), 1, CAST(N'2017-03-27T22:26:12.0500000' AS DateTime2))
INSERT [dbo].[AmigoTenantTUser] ([AmigoTenantTUserId], [Username], [FirstName], [LastName], [AmigoTenantTRoleId], [PayBy], [UserType], [DedicatedLocationId], [BypassDeviceValidation], [UnitNumber], [TractorNumber], [RowStatus], [CreatedBy], [CreationDate], [UpdatedBy], [UpdatedDate]) VALUES (3068, N'124585', N'Burdette', N'Dodge', 3, N'M', N'1', NULL, 0, N'124047', NULL, 0, 1, CAST(N'2017-02-02T15:59:57.6000000' AS DateTime2), 3015, CAST(N'2017-03-27T22:26:12.0500000' AS DateTime2))
INSERT [dbo].[AmigoTenantTUser] ([AmigoTenantTUserId], [Username], [FirstName], [LastName], [AmigoTenantTRoleId], [PayBy], [UserType], [DedicatedLocationId], [BypassDeviceValidation], [UnitNumber], [TractorNumber], [RowStatus], [CreatedBy], [CreationDate], [UpdatedBy], [UpdatedDate]) VALUES (3069, N'124594', N'Kenneth', N'Wise', 3, N'M', N'1', NULL, 0, N'124057', NULL, 0, 1, CAST(N'2017-02-02T15:59:57.6000000' AS DateTime2), 1, CAST(N'2017-03-27T22:26:12.0500000' AS DateTime2))
INSERT [dbo].[AmigoTenantTUser] ([AmigoTenantTUserId], [Username], [FirstName], [LastName], [AmigoTenantTRoleId], [PayBy], [UserType], [DedicatedLocationId], [BypassDeviceValidation], [UnitNumber], [TractorNumber], [RowStatus], [CreatedBy], [CreationDate], [UpdatedBy], [UpdatedDate]) VALUES (3070, N'124600', N'Juan', N'Medrano', 3, N'M', N'1', NULL, 0, N'124065', NULL, 0, 1, CAST(N'2017-02-02T15:59:57.6000000' AS DateTime2), 1, CAST(N'2017-03-27T22:26:12.0500000' AS DateTime2))
INSERT [dbo].[AmigoTenantTUser] ([AmigoTenantTUserId], [Username], [FirstName], [LastName], [AmigoTenantTRoleId], [PayBy], [UserType], [DedicatedLocationId], [BypassDeviceValidation], [UnitNumber], [TractorNumber], [RowStatus], [CreatedBy], [CreationDate], [UpdatedBy], [UpdatedDate]) VALUES (3071, N'124612', N'Daniel', N'Coffey', 3, N'M', N'1', NULL, 1, N'124043', NULL, 0, 1, CAST(N'2017-02-02T15:59:57.6000000' AS DateTime2), 3015, CAST(N'2017-04-10T14:34:01.3669753' AS DateTime2))
INSERT [dbo].[AmigoTenantTUser] ([AmigoTenantTUserId], [Username], [FirstName], [LastName], [AmigoTenantTRoleId], [PayBy], [UserType], [DedicatedLocationId], [BypassDeviceValidation], [UnitNumber], [TractorNumber], [RowStatus], [CreatedBy], [CreationDate], [UpdatedBy], [UpdatedDate]) VALUES (3072, N'124630', N'Billy', N'Whatley', 3, N'M', N'1', NULL, 0, N'124073', NULL, 0, 1, CAST(N'2017-02-02T15:59:57.6000000' AS DateTime2), 1, CAST(N'2017-03-27T22:26:12.0500000' AS DateTime2))
INSERT [dbo].[AmigoTenantTUser] ([AmigoTenantTUserId], [Username], [FirstName], [LastName], [AmigoTenantTRoleId], [PayBy], [UserType], [DedicatedLocationId], [BypassDeviceValidation], [UnitNumber], [TractorNumber], [RowStatus], [CreatedBy], [CreationDate], [UpdatedBy], [UpdatedDate]) VALUES (3073, N'124652', N'Bruce', N'Rogers', 3, N'M', N'1', NULL, 0, N'124050', NULL, 0, 1, CAST(N'2017-02-02T15:59:57.6000000' AS DateTime2), 1, CAST(N'2017-03-27T22:26:12.0500000' AS DateTime2))
INSERT [dbo].[AmigoTenantTUser] ([AmigoTenantTUserId], [Username], [FirstName], [LastName], [AmigoTenantTRoleId], [PayBy], [UserType], [DedicatedLocationId], [BypassDeviceValidation], [UnitNumber], [TractorNumber], [RowStatus], [CreatedBy], [CreationDate], [UpdatedBy], [UpdatedDate]) VALUES (3074, N'124653', N'Ronnie D', N'Blair', 3, N'M', N'1', NULL, 0, N'124003', NULL, 0, 1, CAST(N'2017-02-02T15:59:57.6000000' AS DateTime2), 1, CAST(N'2017-03-27T22:26:12.0500000' AS DateTime2))
INSERT [dbo].[AmigoTenantTUser] ([AmigoTenantTUserId], [Username], [FirstName], [LastName], [AmigoTenantTRoleId], [PayBy], [UserType], [DedicatedLocationId], [BypassDeviceValidation], [UnitNumber], [TractorNumber], [RowStatus], [CreatedBy], [CreationDate], [UpdatedBy], [UpdatedDate]) VALUES (3075, N'124660', N'Richard', N'Olivares', 3, N'M', N'1', NULL, 0, N'124092', NULL, 0, 1, CAST(N'2017-02-02T15:59:57.6000000' AS DateTime2), 1, CAST(N'2017-03-27T22:26:12.0500000' AS DateTime2))
INSERT [dbo].[AmigoTenantTUser] ([AmigoTenantTUserId], [Username], [FirstName], [LastName], [AmigoTenantTRoleId], [PayBy], [UserType], [DedicatedLocationId], [BypassDeviceValidation], [UnitNumber], [TractorNumber], [RowStatus], [CreatedBy], [CreationDate], [UpdatedBy], [UpdatedDate]) VALUES (3076, N'124672', N'Bobbie L', N'Haddock', 3, N'M', N'1', NULL, 0, N'124009', NULL, 0, 1, CAST(N'2017-02-02T15:59:57.6000000' AS DateTime2), 1, CAST(N'2017-03-27T22:26:12.0500000' AS DateTime2))
INSERT [dbo].[AmigoTenantTUser] ([AmigoTenantTUserId], [Username], [FirstName], [LastName], [AmigoTenantTRoleId], [PayBy], [UserType], [DedicatedLocationId], [BypassDeviceValidation], [UnitNumber], [TractorNumber], [RowStatus], [CreatedBy], [CreationDate], [UpdatedBy], [UpdatedDate]) VALUES (3077, N'124673', N'James Ravin', N'Wright', 3, N'M', N'1', NULL, 0, N'124032', NULL, 0, 1, CAST(N'2017-02-02T15:59:57.6000000' AS DateTime2), 1, CAST(N'2017-03-27T22:26:12.0500000' AS DateTime2))
INSERT [dbo].[AmigoTenantTUser] ([AmigoTenantTUserId], [Username], [FirstName], [LastName], [AmigoTenantTRoleId], [PayBy], [UserType], [DedicatedLocationId], [BypassDeviceValidation], [UnitNumber], [TractorNumber], [RowStatus], [CreatedBy], [CreationDate], [UpdatedBy], [UpdatedDate]) VALUES (3078, N'124675', N'Ronny', N'Rascon', 3, N'M', N'1', NULL, 0, N'124019', NULL, 0, 1, CAST(N'2017-02-02T15:59:57.6000000' AS DateTime2), 1, CAST(N'2017-03-27T22:26:12.0500000' AS DateTime2))
INSERT [dbo].[AmigoTenantTUser] ([AmigoTenantTUserId], [Username], [FirstName], [LastName], [AmigoTenantTRoleId], [PayBy], [UserType], [DedicatedLocationId], [BypassDeviceValidation], [UnitNumber], [TractorNumber], [RowStatus], [CreatedBy], [CreationDate], [UpdatedBy], [UpdatedDate]) VALUES (3079, N'124676', N'Juan', N'Rodriguez', 3, N'M', N'1', NULL, 0, N'124107', NULL, 0, 1, CAST(N'2017-02-02T15:59:57.6000000' AS DateTime2), 1, CAST(N'2017-03-27T22:26:12.0500000' AS DateTime2))
INSERT [dbo].[AmigoTenantTUser] ([AmigoTenantTUserId], [Username], [FirstName], [LastName], [AmigoTenantTRoleId], [PayBy], [UserType], [DedicatedLocationId], [BypassDeviceValidation], [UnitNumber], [TractorNumber], [RowStatus], [CreatedBy], [CreationDate], [UpdatedBy], [UpdatedDate]) VALUES (3080, N'124687', N'George S', N'Nobles', 3, N'M', N'1', NULL, 0, N'124105', NULL, 0, 1, CAST(N'2017-02-02T15:59:57.6000000' AS DateTime2), 1, CAST(N'2017-03-27T22:26:12.0500000' AS DateTime2))
INSERT [dbo].[AmigoTenantTUser] ([AmigoTenantTUserId], [Username], [FirstName], [LastName], [AmigoTenantTRoleId], [PayBy], [UserType], [DedicatedLocationId], [BypassDeviceValidation], [UnitNumber], [TractorNumber], [RowStatus], [CreatedBy], [CreationDate], [UpdatedBy], [UpdatedDate]) VALUES (3081, N'124700', N'Frank J', N'Rodriguez', 3, N'M', N'1', NULL, 0, N'124117', NULL, 0, 1, CAST(N'2017-02-02T15:59:57.6000000' AS DateTime2), 3015, CAST(N'2017-04-06T13:19:13.6838346' AS DateTime2))
INSERT [dbo].[AmigoTenantTUser] ([AmigoTenantTUserId], [Username], [FirstName], [LastName], [AmigoTenantTRoleId], [PayBy], [UserType], [DedicatedLocationId], [BypassDeviceValidation], [UnitNumber], [TractorNumber], [RowStatus], [CreatedBy], [CreationDate], [UpdatedBy], [UpdatedDate]) VALUES (3082, N'124701', N'Robert', N'Howard', 3, N'M', N'1', NULL, 0, N'124071', NULL, 0, 1, CAST(N'2017-02-02T15:59:57.6000000' AS DateTime2), 1, CAST(N'2017-03-27T22:26:12.0500000' AS DateTime2))
INSERT [dbo].[AmigoTenantTUser] ([AmigoTenantTUserId], [Username], [FirstName], [LastName], [AmigoTenantTRoleId], [PayBy], [UserType], [DedicatedLocationId], [BypassDeviceValidation], [UnitNumber], [TractorNumber], [RowStatus], [CreatedBy], [CreationDate], [UpdatedBy], [UpdatedDate]) VALUES (3083, N'124717', N'Jose L', N'Salazar', 3, N'M', N'1', NULL, 0, N'124022', NULL, 0, 1, CAST(N'2017-02-02T15:59:57.6000000' AS DateTime2), 1, CAST(N'2017-03-27T22:26:12.0500000' AS DateTime2))
INSERT [dbo].[AmigoTenantTUser] ([AmigoTenantTUserId], [Username], [FirstName], [LastName], [AmigoTenantTRoleId], [PayBy], [UserType], [DedicatedLocationId], [BypassDeviceValidation], [UnitNumber], [TractorNumber], [RowStatus], [CreatedBy], [CreationDate], [UpdatedBy], [UpdatedDate]) VALUES (3084, N'124722', N'Raymond H', N'Jean', 3, N'M', N'1', NULL, 0, N'124046', NULL, 0, 1, CAST(N'2017-02-02T15:59:57.6000000' AS DateTime2), 1, CAST(N'2017-03-27T22:26:12.0500000' AS DateTime2))
INSERT [dbo].[AmigoTenantTUser] ([AmigoTenantTUserId], [Username], [FirstName], [LastName], [AmigoTenantTRoleId], [PayBy], [UserType], [DedicatedLocationId], [BypassDeviceValidation], [UnitNumber], [TractorNumber], [RowStatus], [CreatedBy], [CreationDate], [UpdatedBy], [UpdatedDate]) VALUES (3085, N'124723', N'Michael S', N'Walden', 3, N'M', N'1', NULL, 0, N'124134', NULL, 0, 1, CAST(N'2017-02-02T15:59:57.6000000' AS DateTime2), 1, CAST(N'2017-03-27T22:26:12.0500000' AS DateTime2))
INSERT [dbo].[AmigoTenantTUser] ([AmigoTenantTUserId], [Username], [FirstName], [LastName], [AmigoTenantTRoleId], [PayBy], [UserType], [DedicatedLocationId], [BypassDeviceValidation], [UnitNumber], [TractorNumber], [RowStatus], [CreatedBy], [CreationDate], [UpdatedBy], [UpdatedDate]) VALUES (3086, N'124724', N'Ruben', N'Gonzalez', 3, N'M', N'1', NULL, 0, N'124008', NULL, 0, 1, CAST(N'2017-02-02T15:59:57.6000000' AS DateTime2), 1, CAST(N'2017-03-27T22:26:12.0500000' AS DateTime2))
INSERT [dbo].[AmigoTenantTUser] ([AmigoTenantTUserId], [Username], [FirstName], [LastName], [AmigoTenantTRoleId], [PayBy], [UserType], [DedicatedLocationId], [BypassDeviceValidation], [UnitNumber], [TractorNumber], [RowStatus], [CreatedBy], [CreationDate], [UpdatedBy], [UpdatedDate]) VALUES (3087, N'124734', N'Aaron Ladd', N'DelCambre', 3, N'M', N'1', NULL, 0, N'124142', NULL, 0, 1, CAST(N'2017-02-02T15:59:57.6000000' AS DateTime2), 1, CAST(N'2017-03-27T22:26:12.0500000' AS DateTime2))
INSERT [dbo].[AmigoTenantTUser] ([AmigoTenantTUserId], [Username], [FirstName], [LastName], [AmigoTenantTRoleId], [PayBy], [UserType], [DedicatedLocationId], [BypassDeviceValidation], [UnitNumber], [TractorNumber], [RowStatus], [CreatedBy], [CreationDate], [UpdatedBy], [UpdatedDate]) VALUES (3088, N'124736', N'David', N'Taylor', 3, N'M', N'1', NULL, 0, N'124109', NULL, 0, 1, CAST(N'2017-02-02T15:59:57.6000000' AS DateTime2), 1, CAST(N'2017-03-27T22:26:12.0500000' AS DateTime2))
INSERT [dbo].[AmigoTenantTUser] ([AmigoTenantTUserId], [Username], [FirstName], [LastName], [AmigoTenantTRoleId], [PayBy], [UserType], [DedicatedLocationId], [BypassDeviceValidation], [UnitNumber], [TractorNumber], [RowStatus], [CreatedBy], [CreationDate], [UpdatedBy], [UpdatedDate]) VALUES (3089, N'124738', N'Donald Charles', N'Dorsey', 3, N'M', N'1', NULL, 0, N'124006', NULL, 0, 1, CAST(N'2017-02-02T15:59:57.6000000' AS DateTime2), 1, CAST(N'2017-03-27T22:26:12.0500000' AS DateTime2))
INSERT [dbo].[AmigoTenantTUser] ([AmigoTenantTUserId], [Username], [FirstName], [LastName], [AmigoTenantTRoleId], [PayBy], [UserType], [DedicatedLocationId], [BypassDeviceValidation], [UnitNumber], [TractorNumber], [RowStatus], [CreatedBy], [CreationDate], [UpdatedBy], [UpdatedDate]) VALUES (3090, N'124741', N'Wilmer', N'Petteway', 3, N'M', N'1', NULL, 0, N'124145', NULL, 0, 1, CAST(N'2017-02-02T15:59:57.6000000' AS DateTime2), 1, CAST(N'2017-03-27T22:26:12.0500000' AS DateTime2))
INSERT [dbo].[AmigoTenantTUser] ([AmigoTenantTUserId], [Username], [FirstName], [LastName], [AmigoTenantTRoleId], [PayBy], [UserType], [DedicatedLocationId], [BypassDeviceValidation], [UnitNumber], [TractorNumber], [RowStatus], [CreatedBy], [CreationDate], [UpdatedBy], [UpdatedDate]) VALUES (3091, N'124745', N'Jeffery', N'Nichols', 3, N'M', N'1', NULL, 0, N'124149', NULL, 0, 1, CAST(N'2017-02-02T15:59:57.6000000' AS DateTime2), 1, CAST(N'2017-03-27T22:26:12.0500000' AS DateTime2))
INSERT [dbo].[AmigoTenantTUser] ([AmigoTenantTUserId], [Username], [FirstName], [LastName], [AmigoTenantTRoleId], [PayBy], [UserType], [DedicatedLocationId], [BypassDeviceValidation], [UnitNumber], [TractorNumber], [RowStatus], [CreatedBy], [CreationDate], [UpdatedBy], [UpdatedDate]) VALUES (3092, N'ADMINISTRADOR2', N'fsasas', N'sasa', 2, N'', N'3', NULL, 0, N'', N'', 0, 3015, CAST(N'2017-02-14T20:50:39.6856943' AS DateTime2), 3015, CAST(N'2017-03-07T23:10:19.6617969' AS DateTime2))
INSERT [dbo].[AmigoTenantTUser] ([AmigoTenantTUserId], [Username], [FirstName], [LastName], [AmigoTenantTRoleId], [PayBy], [UserType], [DedicatedLocationId], [BypassDeviceValidation], [UnitNumber], [TractorNumber], [RowStatus], [CreatedBy], [CreationDate], [UpdatedBy], [UpdatedDate]) VALUES (3093, N'ELTON.LARAX', N'Elton', N'Lara', 3, N'M', N'1', NULL, 0, N'FSAF', N'35325', 0, 3023, CAST(N'2017-03-01T20:23:57.2187567' AS DateTime2), 3023, CAST(N'2017-03-27T22:26:12.0500000' AS DateTime2))
INSERT [dbo].[AmigoTenantTUser] ([AmigoTenantTUserId], [Username], [FirstName], [LastName], [AmigoTenantTRoleId], [PayBy], [UserType], [DedicatedLocationId], [BypassDeviceValidation], [UnitNumber], [TractorNumber], [RowStatus], [CreatedBy], [CreationDate], [UpdatedBy], [UpdatedDate]) VALUES (3094, N'102456', N'Juan', N'Pardo', 3, N'M', N'1', NULL, 0, N'', N'', 0, 3015, CAST(N'2017-03-07T23:30:21.1533296' AS DateTime2), 3015, CAST(N'2017-03-27T22:26:12.0500000' AS DateTime2))
INSERT [dbo].[AmigoTenantTUser] ([AmigoTenantTUserId], [Username], [FirstName], [LastName], [AmigoTenantTRoleId], [PayBy], [UserType], [DedicatedLocationId], [BypassDeviceValidation], [UnitNumber], [TractorNumber], [RowStatus], [CreatedBy], [CreationDate], [UpdatedBy], [UpdatedDate]) VALUES (3095, N'JJJJJJJJ', N'JJJ', N'JJJ', 3, N'M', N'1', NULL, 0, N'', N'', 0, 3039, CAST(N'2017-03-09T15:28:54.8024325' AS DateTime2), NULL, CAST(N'2017-03-27T22:26:12.0500000' AS DateTime2))
INSERT [dbo].[AmigoTenantTUser] ([AmigoTenantTUserId], [Username], [FirstName], [LastName], [AmigoTenantTRoleId], [PayBy], [UserType], [DedicatedLocationId], [BypassDeviceValidation], [UnitNumber], [TractorNumber], [RowStatus], [CreatedBy], [CreationDate], [UpdatedBy], [UpdatedDate]) VALUES (3096, N'XSTADMIN', N'XST', N'ADMIN', 16, N'', N'3', NULL, 0, N'', N'', 0, 3015, CAST(N'2017-03-09T20:50:54.1786985' AS DateTime2), 3015, CAST(N'2017-03-10T23:18:09.0568629' AS DateTime2))
INSERT [dbo].[AmigoTenantTUser] ([AmigoTenantTUserId], [Username], [FirstName], [LastName], [AmigoTenantTRoleId], [PayBy], [UserType], [DedicatedLocationId], [BypassDeviceValidation], [UnitNumber], [TractorNumber], [RowStatus], [CreatedBy], [CreationDate], [UpdatedBy], [UpdatedDate]) VALUES (3097, N'CHAPOPOTE', N'Chapopote', N'Rojas', 18, N'', N'3', NULL, 0, N'', N'', 0, 3015, CAST(N'2017-03-13T19:18:39.5545083' AS DateTime2), NULL, NULL)
INSERT [dbo].[AmigoTenantTUser] ([AmigoTenantTUserId], [Username], [FirstName], [LastName], [AmigoTenantTRoleId], [PayBy], [UserType], [DedicatedLocationId], [BypassDeviceValidation], [UnitNumber], [TractorNumber], [RowStatus], [CreatedBy], [CreationDate], [UpdatedBy], [UpdatedDate]) VALUES (3098, N'JUAN.LOPEZ', N'Juan', N'Lopez', 4, N'', N'3', NULL, 0, N'', N'', 0, 3015, CAST(N'2017-03-31T14:32:55.6454396' AS DateTime2), 3015, CAST(N'2017-03-31T14:33:13.7114181' AS DateTime2))
INSERT [dbo].[AmigoTenantTUser] ([AmigoTenantTUserId], [Username], [FirstName], [LastName], [AmigoTenantTRoleId], [PayBy], [UserType], [DedicatedLocationId], [BypassDeviceValidation], [UnitNumber], [TractorNumber], [RowStatus], [CreatedBy], [CreationDate], [UpdatedBy], [UpdatedDate]) VALUES (3099, N'JANGULO', N'Jesus', N'Angulo', 3, N'M', N'1', NULL, 1, N'', N'', 0, 3015, CAST(N'2017-04-10T15:43:45.3415764' AS DateTime2), NULL, NULL)
INSERT [dbo].[AmigoTenantTUser] ([AmigoTenantTUserId], [Username], [FirstName], [LastName], [AmigoTenantTRoleId], [PayBy], [UserType], [DedicatedLocationId], [BypassDeviceValidation], [UnitNumber], [TractorNumber], [RowStatus], [CreatedBy], [CreationDate], [UpdatedBy], [UpdatedDate]) VALUES (3100, N'EDGARR', N'Edgar', N'Romero', 1, N'M', N'1', NULL, 0, N'', N'', 1, 3015, CAST(N'2017-08-11T01:22:24.2434195' AS DateTime2), NULL, NULL)
INSERT [dbo].[AmigoTenantTUser] ([AmigoTenantTUserId], [Username], [FirstName], [LastName], [AmigoTenantTRoleId], [PayBy], [UserType], [DedicatedLocationId], [BypassDeviceValidation], [UnitNumber], [TractorNumber], [RowStatus], [CreatedBy], [CreationDate], [UpdatedBy], [UpdatedDate]) VALUES (3101, N'MARIAVE', N'Maria', N'Veramatos', 1, N'M', N'1', NULL, 0, N'', N'', 1, 3100, CAST(N'2017-08-11T02:47:01.3751895' AS DateTime2), NULL, NULL)
INSERT [dbo].[AmigoTenantTUser] ([AmigoTenantTUserId], [Username], [FirstName], [LastName], [AmigoTenantTRoleId], [PayBy], [UserType], [DedicatedLocationId], [BypassDeviceValidation], [UnitNumber], [TractorNumber], [RowStatus], [CreatedBy], [CreationDate], [UpdatedBy], [UpdatedDate]) VALUES (3102, N'YANIT', N'Yanitza', N'Gomez', 1, N'M', N'1', NULL, 0, N'', N'', 1, 3100, CAST(N'2017-08-11T02:48:50.1166761' AS DateTime2), NULL, NULL)
SET IDENTITY_INSERT [dbo].[AppSetting] ON 

INSERT [dbo].[AppSetting] ([AppSettingId], [Code], [Name], [AppSettingValue], [RowStatus], [CreatedBy], [CreationDate], [UpdatedBy], [UpdatedDate]) VALUES (1, N'CPTSREQPAY', N'Concepts Required for Payment', N'RENTA,DEPOSIT', 1, 1, CAST(N'2017-10-25T21:45:19.5133333' AS DateTime2), NULL, NULL)
SET IDENTITY_INSERT [dbo].[AppSetting] OFF
SET IDENTITY_INSERT [dbo].[BusinessPartner] ON 

INSERT [dbo].[BusinessPartner] ([BusinessPartnerId], [TypeId], [Code], [Name], [RUC], [BirthDate], [RowStatus], [CreatedBy], [CreationDate], [UpdatedBy], [UpdatedDate], [Remark], [PhoneNumber], [Email], [CountryId], [EntityStatusId], [CityId]) VALUES (3, 32, N'LUZDELSUR', N'Luz del Sur', N'20498485104', CAST(N'2017-09-18T03:58:44.8800000' AS DateTime2), 1, 1, CAST(N'2017-09-18T03:58:44.8800000' AS DateTime2), NULL, NULL, NULL, NULL, NULL, 3, NULL, NULL)
INSERT [dbo].[BusinessPartner] ([BusinessPartnerId], [TypeId], [Code], [Name], [RUC], [BirthDate], [RowStatus], [CreatedBy], [CreationDate], [UpdatedBy], [UpdatedDate], [Remark], [PhoneNumber], [Email], [CountryId], [EntityStatusId], [CityId]) VALUES (4, 33, N'SEDAPAL', N'SEDAPAL', N'20498485105', CAST(N'2017-09-18T03:58:58.1800000' AS DateTime2), 1, 1, CAST(N'2017-09-18T03:58:58.1800000' AS DateTime2), NULL, NULL, NULL, NULL, NULL, 3, NULL, NULL)
SET IDENTITY_INSERT [dbo].[BusinessPartner] OFF
SET IDENTITY_INSERT [dbo].[City] ON 

INSERT [dbo].[City] ([CityId], [Code], [Name], [StateId], [RowStatus], [CreatedBy], [CreationDate], [UpdatedBy], [UpdatedDate]) VALUES (1, N'FREEPORT', N'Freeport', 1, 1, 1, CAST(N'2017-01-16T17:38:03.6300000' AS DateTime2), 1, CAST(N'2017-01-16T17:38:03.6300000' AS DateTime2))
SET IDENTITY_INSERT [dbo].[City] OFF
SET IDENTITY_INSERT [dbo].[Concept] ON 

INSERT [dbo].[Concept] ([ConceptId], [Code], [Description], [TypeId], [RowStatus], [Remark], [PayTypeId], [CreatedBy], [CreationDate], [UpdatedBy], [UpdatedDate], [ConceptAmount]) VALUES (15, N'RENTA', N'Rent', 31, 1, N'Rent per Month', 1, 1, CAST(N'2017-09-07T03:22:40.8300000' AS DateTime2), 1, CAST(N'2017-09-07T03:22:40.8300000' AS DateTime2), NULL)
INSERT [dbo].[Concept] ([ConceptId], [Code], [Description], [TypeId], [RowStatus], [Remark], [PayTypeId], [CreatedBy], [CreationDate], [UpdatedBy], [UpdatedDate], [ConceptAmount]) VALUES (16, N'DEPOSIT', N'Deposit', 31, 1, N'Deposit per Contract', 1, 1, CAST(N'2017-09-07T03:23:03.1433333' AS DateTime2), 1, CAST(N'2017-09-07T03:23:03.1433333' AS DateTime2), NULL)
INSERT [dbo].[Concept] ([ConceptId], [Code], [Description], [TypeId], [RowStatus], [Remark], [PayTypeId], [CreatedBy], [CreationDate], [UpdatedBy], [UpdatedDate], [ConceptAmount]) VALUES (17, N'SVCWATER', N'Water Service', 31, 1, N'Water Service By Month', 1, 1, CAST(N'2017-09-07T03:23:03.1433333' AS DateTime2), 1, CAST(N'2017-09-07T03:23:03.1433333' AS DateTime2), NULL)
INSERT [dbo].[Concept] ([ConceptId], [Code], [Description], [TypeId], [RowStatus], [Remark], [PayTypeId], [CreatedBy], [CreationDate], [UpdatedBy], [UpdatedDate], [ConceptAmount]) VALUES (20, N'LATEFEE', N'Late Fee unpuntual', 31, 1, N'Late fee by unpunctual', 1, 1, CAST(N'2017-09-07T03:23:03.1600000' AS DateTime2), 1, CAST(N'2017-09-07T03:23:03.1600000' AS DateTime2), NULL)
INSERT [dbo].[Concept] ([ConceptId], [Code], [Description], [TypeId], [RowStatus], [Remark], [PayTypeId], [CreatedBy], [CreationDate], [UpdatedBy], [UpdatedDate], [ConceptAmount]) VALUES (21, N'SVCENERGY', N'Energy Service', 31, 1, N'Energy Service by month', 1, 1, CAST(N'2017-09-07T03:25:00.9100000' AS DateTime2), 1, CAST(N'2017-09-07T03:25:00.9100000' AS DateTime2), NULL)
INSERT [dbo].[Concept] ([ConceptId], [Code], [Description], [TypeId], [RowStatus], [Remark], [PayTypeId], [CreatedBy], [CreationDate], [UpdatedBy], [UpdatedDate], [ConceptAmount]) VALUES (22, N'FINEINFRAC', N'Fine by infractions', 29, 1, N'Fine by infraction Convivencia', 1, 1, CAST(N'2017-09-07T03:25:00.9100000' AS DateTime2), 1, CAST(N'2017-09-07T03:25:00.9100000' AS DateTime2), NULL)
SET IDENTITY_INSERT [dbo].[Concept] OFF
SET IDENTITY_INSERT [dbo].[Country] ON 

INSERT [dbo].[Country] ([CountryId], [ISOCode], [Name], [RowStatus], [CreatedBy], [CreationDate], [UpdatedBy], [UpdatedDate]) VALUES (1, N'US', N'United States of America', 1, 1, CAST(N'2017-01-16T17:38:03.5770000' AS DateTime2), 1, CAST(N'2017-01-16T17:38:03.5770000' AS DateTime2))
INSERT [dbo].[Country] ([CountryId], [ISOCode], [Name], [RowStatus], [CreatedBy], [CreationDate], [UpdatedBy], [UpdatedDate]) VALUES (2, N'CA', N'Canada', 1, 1, CAST(N'2017-06-11T09:09:31.9400000' AS DateTime2), NULL, NULL)
INSERT [dbo].[Country] ([CountryId], [ISOCode], [Name], [RowStatus], [CreatedBy], [CreationDate], [UpdatedBy], [UpdatedDate]) VALUES (3, N'PE', N'Peru', 1, 1, CAST(N'2017-06-11T09:09:32.3500000' AS DateTime2), NULL, NULL)
INSERT [dbo].[Country] ([CountryId], [ISOCode], [Name], [RowStatus], [CreatedBy], [CreationDate], [UpdatedBy], [UpdatedDate]) VALUES (4, N'CN', N'China', 1, 1, CAST(N'2017-06-11T09:12:00.9066667' AS DateTime2), NULL, NULL)
INSERT [dbo].[Country] ([CountryId], [ISOCode], [Name], [RowStatus], [CreatedBy], [CreationDate], [UpdatedBy], [UpdatedDate]) VALUES (5, N'MX', N'Mexico', 1, 1, CAST(N'2017-10-03T21:42:26.2733333' AS DateTime2), 1, CAST(N'2017-10-03T21:42:26.2733333' AS DateTime2))
INSERT [dbo].[Country] ([CountryId], [ISOCode], [Name], [RowStatus], [CreatedBy], [CreationDate], [UpdatedBy], [UpdatedDate]) VALUES (6, N'BR', N'Brasil', 1, 1, CAST(N'2017-10-03T21:42:26.2900000' AS DateTime2), 1, CAST(N'2017-10-03T21:42:26.2900000' AS DateTime2))
INSERT [dbo].[Country] ([CountryId], [ISOCode], [Name], [RowStatus], [CreatedBy], [CreationDate], [UpdatedBy], [UpdatedDate]) VALUES (7, N'FR', N'Francia', 1, 1, CAST(N'2017-10-03T21:42:26.3833333' AS DateTime2), 1, CAST(N'2017-10-03T21:42:26.3833333' AS DateTime2))
INSERT [dbo].[Country] ([CountryId], [ISOCode], [Name], [RowStatus], [CreatedBy], [CreationDate], [UpdatedBy], [UpdatedDate]) VALUES (8, N'CH', N'Chile', 1, 1, CAST(N'2017-10-03T21:42:26.4000000' AS DateTime2), 1, CAST(N'2017-10-03T21:42:26.4000000' AS DateTime2))
INSERT [dbo].[Country] ([CountryId], [ISOCode], [Name], [RowStatus], [CreatedBy], [CreationDate], [UpdatedBy], [UpdatedDate]) VALUES (9, N'ES', N'Espaa', 1, 1, CAST(N'2017-10-03T21:42:26.4166667' AS DateTime2), 1, CAST(N'2017-10-03T21:42:26.4166667' AS DateTime2))
INSERT [dbo].[Country] ([CountryId], [ISOCode], [Name], [RowStatus], [CreatedBy], [CreationDate], [UpdatedBy], [UpdatedDate]) VALUES (10, N'JP', N'Japon', 1, 1, CAST(N'2017-10-03T21:42:26.4166667' AS DateTime2), 1, CAST(N'2017-10-03T21:42:26.4166667' AS DateTime2))
INSERT [dbo].[Country] ([CountryId], [ISOCode], [Name], [RowStatus], [CreatedBy], [CreationDate], [UpdatedBy], [UpdatedDate]) VALUES (11, N'KO', N'Korea', 1, 1, CAST(N'2017-10-03T21:42:26.4300000' AS DateTime2), 1, CAST(N'2017-10-03T21:42:26.4300000' AS DateTime2))
INSERT [dbo].[Country] ([CountryId], [ISOCode], [Name], [RowStatus], [CreatedBy], [CreationDate], [UpdatedBy], [UpdatedDate]) VALUES (12, N'IN', N'India', 1, 1, CAST(N'2017-10-03T21:42:26.4300000' AS DateTime2), 1, CAST(N'2017-10-03T21:42:26.4300000' AS DateTime2))
INSERT [dbo].[Country] ([CountryId], [ISOCode], [Name], [RowStatus], [CreatedBy], [CreationDate], [UpdatedBy], [UpdatedDate]) VALUES (13, N'AL', N'Alemania', 1, 1, CAST(N'2017-10-03T21:42:26.4466667' AS DateTime2), 1, CAST(N'2017-10-03T21:42:26.4466667' AS DateTime2))
INSERT [dbo].[Country] ([CountryId], [ISOCode], [Name], [RowStatus], [CreatedBy], [CreationDate], [UpdatedBy], [UpdatedDate]) VALUES (14, N'SW', N'Swiszerland', 1, 1, CAST(N'2017-10-03T21:42:26.4600000' AS DateTime2), 1, CAST(N'2017-10-03T21:42:26.4600000' AS DateTime2))
INSERT [dbo].[Country] ([CountryId], [ISOCode], [Name], [RowStatus], [CreatedBy], [CreationDate], [UpdatedBy], [UpdatedDate]) VALUES (15, N'EC', N'Ecuador', 1, 1, CAST(N'2017-10-03T21:42:26.4600000' AS DateTime2), 1, CAST(N'2017-10-03T21:42:26.4600000' AS DateTime2))
INSERT [dbo].[Country] ([CountryId], [ISOCode], [Name], [RowStatus], [CreatedBy], [CreationDate], [UpdatedBy], [UpdatedDate]) VALUES (16, N'TK', N'Turkia', 1, 1, CAST(N'2017-10-03T21:42:26.4766667' AS DateTime2), 1, CAST(N'2017-10-03T21:42:26.4766667' AS DateTime2))
INSERT [dbo].[Country] ([CountryId], [ISOCode], [Name], [RowStatus], [CreatedBy], [CreationDate], [UpdatedBy], [UpdatedDate]) VALUES (17, N'NG', N'Nigeria', 1, 1, CAST(N'2017-10-03T21:42:26.4766667' AS DateTime2), 1, CAST(N'2017-10-03T21:42:26.4766667' AS DateTime2))
INSERT [dbo].[Country] ([CountryId], [ISOCode], [Name], [RowStatus], [CreatedBy], [CreationDate], [UpdatedBy], [UpdatedDate]) VALUES (18, N'AR', N'Argentina', 1, 1, CAST(N'2017-10-03T21:42:26.4933333' AS DateTime2), 1, CAST(N'2017-10-03T21:42:26.4933333' AS DateTime2))
SET IDENTITY_INSERT [dbo].[Country] OFF
SET IDENTITY_INSERT [dbo].[EntityStatus] ON 

INSERT [dbo].[EntityStatus] ([EntityStatusId], [Code], [Name], [EntityCode], [Sequence], [CreatedBy], [CreationDate], [UpdatedBy], [UpdatedDate]) VALUES (2, N'DRAFT', N'Draft', N'CO', 1, 1, CAST(N'2017-05-24T04:12:38.5466667' AS DateTime2), 1, CAST(N'2017-05-24T04:12:38.5466667' AS DateTime2))
INSERT [dbo].[EntityStatus] ([EntityStatusId], [Code], [Name], [EntityCode], [Sequence], [CreatedBy], [CreationDate], [UpdatedBy], [UpdatedDate]) VALUES (3, N'ACTIVE', N'Active', N'CO', 2, 1, CAST(N'2017-05-24T04:12:38.5933333' AS DateTime2), 1, CAST(N'2017-05-24T04:12:38.5933333' AS DateTime2))
INSERT [dbo].[EntityStatus] ([EntityStatusId], [Code], [Name], [EntityCode], [Sequence], [CreatedBy], [CreationDate], [UpdatedBy], [UpdatedDate]) VALUES (4, N'FUTURE', N'Future', N'CO', 3, 1, CAST(N'2017-05-24T04:12:38.5933333' AS DateTime2), 1, CAST(N'2017-05-24T04:12:38.5933333' AS DateTime2))
INSERT [dbo].[EntityStatus] ([EntityStatusId], [Code], [Name], [EntityCode], [Sequence], [CreatedBy], [CreationDate], [UpdatedBy], [UpdatedDate]) VALUES (5, N'FOR RENT', N'For Rent', N'HO', 1, 1, CAST(N'2017-05-24T04:12:38.6100000' AS DateTime2), 1, CAST(N'2017-05-24T04:12:38.6100000' AS DateTime2))
INSERT [dbo].[EntityStatus] ([EntityStatusId], [Code], [Name], [EntityCode], [Sequence], [CreatedBy], [CreationDate], [UpdatedBy], [UpdatedDate]) VALUES (6, N'RENTED', N'Rented', N'HO', 2, 1, CAST(N'2017-05-24T04:12:38.6100000' AS DateTime2), 1, CAST(N'2017-05-24T04:12:38.6100000' AS DateTime2))
INSERT [dbo].[EntityStatus] ([EntityStatusId], [Code], [Name], [EntityCode], [Sequence], [CreatedBy], [CreationDate], [UpdatedBy], [UpdatedDate]) VALUES (7, N'REPAIR', N'Repair', N'HO', 4, 1, CAST(N'2017-05-24T04:12:38.6233333' AS DateTime2), 1, CAST(N'2017-05-24T04:12:38.6233333' AS DateTime2))
INSERT [dbo].[EntityStatus] ([EntityStatusId], [Code], [Name], [EntityCode], [Sequence], [CreatedBy], [CreationDate], [UpdatedBy], [UpdatedDate]) VALUES (8, N'PENDING', N'Pending', N'CD', 1, 1, CAST(N'2017-05-24T04:12:38.6233333' AS DateTime2), 1, CAST(N'2017-05-24T04:12:38.6233333' AS DateTime2))
INSERT [dbo].[EntityStatus] ([EntityStatusId], [Code], [Name], [EntityCode], [Sequence], [CreatedBy], [CreationDate], [UpdatedBy], [UpdatedDate]) VALUES (9, N'PAYED', N'Payed', N'CD', 2, 1, CAST(N'2017-05-24T04:12:38.6400000' AS DateTime2), 1, CAST(N'2017-05-24T04:12:38.6400000' AS DateTime2))
INSERT [dbo].[EntityStatus] ([EntityStatusId], [Code], [Name], [EntityCode], [Sequence], [CreatedBy], [CreationDate], [UpdatedBy], [UpdatedDate]) VALUES (10, N'FORMAL', N'Formalized', N'CO', 4, 1, CAST(N'2017-09-02T17:25:45.5100000' AS DateTime2), 1, CAST(N'2017-09-02T17:25:45.5100000' AS DateTime2))
INSERT [dbo].[EntityStatus] ([EntityStatusId], [Code], [Name], [EntityCode], [Sequence], [CreatedBy], [CreationDate], [UpdatedBy], [UpdatedDate]) VALUES (11, N'PPPENDING', N'Pending', N'PP', 1, 1, CAST(N'2017-09-26T03:46:25.8600000' AS DateTime2), 1, CAST(N'2017-09-26T03:46:25.8600000' AS DateTime2))
INSERT [dbo].[EntityStatus] ([EntityStatusId], [Code], [Name], [EntityCode], [Sequence], [CreatedBy], [CreationDate], [UpdatedBy], [UpdatedDate]) VALUES (12, N'PPPAYED', N'Payed', N'PP', 2, 1, CAST(N'2017-09-26T03:46:25.8600000' AS DateTime2), 1, CAST(N'2017-09-26T03:46:25.8600000' AS DateTime2))
SET IDENTITY_INSERT [dbo].[EntityStatus] OFF
SET IDENTITY_INSERT [dbo].[Feature] ON 

INSERT [dbo].[Feature] ([FeatureId], [Code], [Description], [Measure], [RowStatus], [CreatedBy], [CreationDate], [UpdatedBy], [UpdatedDate], [Sequence], [IsAllHouse], [HouseTypeId]) VALUES (1, N'MINIAPART', N'Mini Department', CAST(0.00 AS Decimal(8, 2)), 1, 1, CAST(N'2017-05-24T05:06:57.2366667' AS DateTime2), 1, CAST(N'2017-05-24T05:06:57.2366667' AS DateTime2), 1, 1, 25)
INSERT [dbo].[Feature] ([FeatureId], [Code], [Description], [Measure], [RowStatus], [CreatedBy], [CreationDate], [UpdatedBy], [UpdatedDate], [Sequence], [IsAllHouse], [HouseTypeId]) VALUES (2, N'CMPLAPART', N'Complete apartment', CAST(0.00 AS Decimal(8, 2)), 1, 1, CAST(N'2017-05-24T05:06:57.2500000' AS DateTime2), 1, CAST(N'2017-05-24T05:06:57.2500000' AS DateTime2), 2, 1, 20)
INSERT [dbo].[Feature] ([FeatureId], [Code], [Description], [Measure], [RowStatus], [CreatedBy], [CreationDate], [UpdatedBy], [UpdatedDate], [Sequence], [IsAllHouse], [HouseTypeId]) VALUES (3, N'MASBED', N'Master bedrom (con bao)', CAST(0.00 AS Decimal(8, 2)), 1, 1, CAST(N'2017-05-24T05:06:57.2666667' AS DateTime2), 1, CAST(N'2017-05-24T05:06:57.2666667' AS DateTime2), 3, 0, 20)
INSERT [dbo].[Feature] ([FeatureId], [Code], [Description], [Measure], [RowStatus], [CreatedBy], [CreationDate], [UpdatedBy], [UpdatedDate], [Sequence], [IsAllHouse], [HouseTypeId]) VALUES (4, N'REGBED', N'Regular bedrom ', CAST(0.00 AS Decimal(8, 2)), 1, 1, CAST(N'2017-05-24T05:06:57.2666667' AS DateTime2), 1, CAST(N'2017-05-24T05:06:57.2666667' AS DateTime2), 4, 0, 20)
INSERT [dbo].[Feature] ([FeatureId], [Code], [Description], [Measure], [RowStatus], [CreatedBy], [CreationDate], [UpdatedBy], [UpdatedDate], [Sequence], [IsAllHouse], [HouseTypeId]) VALUES (5, N'SOLARI', N'Solarium (ventanas, vistas)', CAST(0.00 AS Decimal(8, 2)), 1, 1, CAST(N'2017-05-24T05:06:57.2833333' AS DateTime2), 1, CAST(N'2017-05-24T05:06:57.2833333' AS DateTime2), 5, 0, 20)
INSERT [dbo].[Feature] ([FeatureId], [Code], [Description], [Measure], [RowStatus], [CreatedBy], [CreationDate], [UpdatedBy], [UpdatedDate], [Sequence], [IsAllHouse], [HouseTypeId]) VALUES (6, N'DEN', N'Den (Cuarto de empledas)', CAST(0.00 AS Decimal(8, 2)), 1, 1, CAST(N'2017-05-24T05:06:57.3000000' AS DateTime2), 1, CAST(N'2017-05-24T05:06:57.3000000' AS DateTime2), 6, 0, 20)
INSERT [dbo].[Feature] ([FeatureId], [Code], [Description], [Measure], [RowStatus], [CreatedBy], [CreationDate], [UpdatedBy], [UpdatedDate], [Sequence], [IsAllHouse], [HouseTypeId]) VALUES (7, N'CMPLHOUSE', N'Complete House', CAST(0.00 AS Decimal(8, 2)), 1, 1, CAST(N'2017-05-24T05:06:57.3000000' AS DateTime2), 1, CAST(N'2017-05-24T05:06:57.3000000' AS DateTime2), 7, 1, 12)
INSERT [dbo].[Feature] ([FeatureId], [Code], [Description], [Measure], [RowStatus], [CreatedBy], [CreationDate], [UpdatedBy], [UpdatedDate], [Sequence], [IsAllHouse], [HouseTypeId]) VALUES (8, N'PRVBED', N'Private bedrom', CAST(0.00 AS Decimal(8, 2)), 1, 1, CAST(N'2017-05-24T05:06:57.3133333' AS DateTime2), 1, CAST(N'2017-05-24T05:06:57.3133333' AS DateTime2), 8, 0, 12)
INSERT [dbo].[Feature] ([FeatureId], [Code], [Description], [Measure], [RowStatus], [CreatedBy], [CreationDate], [UpdatedBy], [UpdatedDate], [Sequence], [IsAllHouse], [HouseTypeId]) VALUES (9, N'SHRROOM1', N'Shared Room bed 1', CAST(0.00 AS Decimal(8, 2)), 1, 1, CAST(N'2017-05-24T05:06:57.3300000' AS DateTime2), 1, CAST(N'2017-05-24T05:06:57.3300000' AS DateTime2), 9, 0, 12)
INSERT [dbo].[Feature] ([FeatureId], [Code], [Description], [Measure], [RowStatus], [CreatedBy], [CreationDate], [UpdatedBy], [UpdatedDate], [Sequence], [IsAllHouse], [HouseTypeId]) VALUES (10, N'SHRROOM2', N'Shared Room bed 2', CAST(0.00 AS Decimal(8, 2)), 1, 1, CAST(N'2017-05-24T05:06:57.3300000' AS DateTime2), 1, CAST(N'2017-05-24T05:06:57.3300000' AS DateTime2), 10, 0, 12)
INSERT [dbo].[Feature] ([FeatureId], [Code], [Description], [Measure], [RowStatus], [CreatedBy], [CreationDate], [UpdatedBy], [UpdatedDate], [Sequence], [IsAllHouse], [HouseTypeId]) VALUES (11, N'SHRROOM3', N'Shared Room  bed 3', CAST(0.00 AS Decimal(8, 2)), 1, 1, CAST(N'2017-05-24T05:06:57.3466667' AS DateTime2), 1, CAST(N'2017-05-24T05:06:57.3466667' AS DateTime2), 11, 0, 12)
INSERT [dbo].[Feature] ([FeatureId], [Code], [Description], [Measure], [RowStatus], [CreatedBy], [CreationDate], [UpdatedBy], [UpdatedDate], [Sequence], [IsAllHouse], [HouseTypeId]) VALUES (12, N'LITERA', N'Litera', CAST(0.00 AS Decimal(8, 2)), 1, 1, CAST(N'2017-05-24T05:06:57.3600000' AS DateTime2), 1, CAST(N'2017-05-24T05:06:57.3600000' AS DateTime2), 12, 0, 12)
INSERT [dbo].[Feature] ([FeatureId], [Code], [Description], [Measure], [RowStatus], [CreatedBy], [CreationDate], [UpdatedBy], [UpdatedDate], [Sequence], [IsAllHouse], [HouseTypeId]) VALUES (13, N'SHRROOM22', N'Shared Room bed 2', CAST(0.00 AS Decimal(8, 2)), 1, 1, CAST(N'2017-07-12T02:57:21.7533333' AS DateTime2), 1, CAST(N'2017-07-12T02:57:21.7533333' AS DateTime2), 13, 0, 12)
INSERT [dbo].[Feature] ([FeatureId], [Code], [Description], [Measure], [RowStatus], [CreatedBy], [CreationDate], [UpdatedBy], [UpdatedDate], [Sequence], [IsAllHouse], [HouseTypeId]) VALUES (14, N'SHRROOM31', N'Shared Room bed 1', CAST(0.00 AS Decimal(8, 2)), 1, 1, CAST(N'2017-07-12T02:57:21.7700000' AS DateTime2), 1, CAST(N'2017-07-12T02:57:21.7700000' AS DateTime2), 14, 0, 12)
INSERT [dbo].[Feature] ([FeatureId], [Code], [Description], [Measure], [RowStatus], [CreatedBy], [CreationDate], [UpdatedBy], [UpdatedDate], [Sequence], [IsAllHouse], [HouseTypeId]) VALUES (15, N'SHRROOM33', N'Shared Room bed 2', CAST(0.00 AS Decimal(8, 2)), 1, 1, CAST(N'2017-07-12T02:57:21.7700000' AS DateTime2), 1, CAST(N'2017-07-12T02:57:21.7700000' AS DateTime2), 15, 0, 12)
INSERT [dbo].[Feature] ([FeatureId], [Code], [Description], [Measure], [RowStatus], [CreatedBy], [CreationDate], [UpdatedBy], [UpdatedDate], [Sequence], [IsAllHouse], [HouseTypeId]) VALUES (16, N'REGBED2', N'Regular bedrom 2', CAST(0.00 AS Decimal(8, 2)), 1, 1, CAST(N'2017-07-12T03:03:33.5000000' AS DateTime2), 1, CAST(N'2017-07-12T03:03:33.5000000' AS DateTime2), 16, 0, 20)
INSERT [dbo].[Feature] ([FeatureId], [Code], [Description], [Measure], [RowStatus], [CreatedBy], [CreationDate], [UpdatedBy], [UpdatedDate], [Sequence], [IsAllHouse], [HouseTypeId]) VALUES (17, N'PRVBED2', N'Private bedrom 2', CAST(0.00 AS Decimal(8, 2)), 1, 1, CAST(N'2017-07-12T03:11:24.1866667' AS DateTime2), 1, CAST(N'2017-07-12T03:11:24.1866667' AS DateTime2), 17, 0, 12)
INSERT [dbo].[Feature] ([FeatureId], [Code], [Description], [Measure], [RowStatus], [CreatedBy], [CreationDate], [UpdatedBy], [UpdatedDate], [Sequence], [IsAllHouse], [HouseTypeId]) VALUES (18, N'CCPL0001', N'Casa Completa Main', CAST(0.00 AS Decimal(8, 2)), 1, 1, CAST(N'2017-10-03T20:16:53.0866667' AS DateTime2), 1, CAST(N'2017-10-03T20:16:53.0866667' AS DateTime2), 1, 0, 12)
INSERT [dbo].[Feature] ([FeatureId], [Code], [Description], [Measure], [RowStatus], [CreatedBy], [CreationDate], [UpdatedBy], [UpdatedDate], [Sequence], [IsAllHouse], [HouseTypeId]) VALUES (19, N'CCPL0002', N'Casa Completa Upstairs', CAST(0.00 AS Decimal(8, 2)), 1, 1, CAST(N'2017-10-26T01:58:51.9500000' AS DateTime2), 1, CAST(N'2017-10-26T01:58:51.9500000' AS DateTime2), 2, 0, 12)
INSERT [dbo].[Feature] ([FeatureId], [Code], [Description], [Measure], [RowStatus], [CreatedBy], [CreationDate], [UpdatedBy], [UpdatedDate], [Sequence], [IsAllHouse], [HouseTypeId]) VALUES (20, N'CCPL0003', N'Casa Completa Basement', CAST(0.00 AS Decimal(8, 2)), 1, 1, CAST(N'2017-10-26T01:58:51.9666667' AS DateTime2), 1, CAST(N'2017-10-26T01:58:51.9666667' AS DateTime2), 3, 0, 12)
INSERT [dbo].[Feature] ([FeatureId], [Code], [Description], [Measure], [RowStatus], [CreatedBy], [CreationDate], [UpdatedBy], [UpdatedDate], [Sequence], [IsAllHouse], [HouseTypeId]) VALUES (21, N'ACPL0001', N'Apt. Completo', CAST(0.00 AS Decimal(8, 2)), 1, 1, CAST(N'2017-10-26T01:58:51.9666667' AS DateTime2), 1, CAST(N'2017-10-26T01:58:51.9666667' AS DateTime2), 1, 0, 12)
SET IDENTITY_INSERT [dbo].[Feature] OFF
SET IDENTITY_INSERT [dbo].[GeneralTable] ON 

INSERT [dbo].[GeneralTable] ([GeneralTableId], [Code], [TableName], [Value], [Sequence], [ByDefault], [RowStatus], [CreatedBy], [CreationDate], [UpdatedBy], [UpdatedDate]) VALUES (1, N'INCOME', N'ConceptType', N'Income', 1, 0, 1, 1, CAST(N'2017-05-24T04:21:03.0333333' AS DateTime2), 1, CAST(N'2017-05-24T04:21:03.0333333' AS DateTime2))
INSERT [dbo].[GeneralTable] ([GeneralTableId], [Code], [TableName], [Value], [Sequence], [ByDefault], [RowStatus], [CreatedBy], [CreationDate], [UpdatedBy], [UpdatedDate]) VALUES (4, N'CASH', N'PaymentMode', N'Cash', 1, 1, 1, 1, CAST(N'2017-05-24T04:21:03.0933333' AS DateTime2), 1, CAST(N'2017-05-24T04:21:03.0933333' AS DateTime2))
INSERT [dbo].[GeneralTable] ([GeneralTableId], [Code], [TableName], [Value], [Sequence], [ByDefault], [RowStatus], [CreatedBy], [CreationDate], [UpdatedBy], [UpdatedDate]) VALUES (6, N'CHEQUE', N'PaymentMode', N'Cheque', 3, 0, 1, 1, CAST(N'2017-05-24T04:21:03.0933333' AS DateTime2), 1, CAST(N'2017-05-24T04:21:03.0933333' AS DateTime2))
INSERT [dbo].[GeneralTable] ([GeneralTableId], [Code], [TableName], [Value], [Sequence], [ByDefault], [RowStatus], [CreatedBy], [CreationDate], [UpdatedBy], [UpdatedDate]) VALUES (12, N'HOUSE', N'HouseType', N'House', 2, 0, 1, 1, CAST(N'2017-05-24T04:21:03.1100000' AS DateTime2), 1, CAST(N'2017-05-24T04:21:03.1100000' AS DateTime2))
INSERT [dbo].[GeneralTable] ([GeneralTableId], [Code], [TableName], [Value], [Sequence], [ByDefault], [RowStatus], [CreatedBy], [CreationDate], [UpdatedBy], [UpdatedDate]) VALUES (13, N'EXPENSE', N'ConceptType', N'Expense', 2, 1, 1, 1, CAST(N'2017-05-24T04:22:03.6400000' AS DateTime2), 1, CAST(N'2017-05-24T04:22:03.6400000' AS DateTime2))
INSERT [dbo].[GeneralTable] ([GeneralTableId], [Code], [TableName], [Value], [Sequence], [ByDefault], [RowStatus], [CreatedBy], [CreationDate], [UpdatedBy], [UpdatedDate]) VALUES (14, N'PENALTY', N'ConceptType', N'Income', 3, 0, 1, 1, CAST(N'2017-05-24T04:22:03.6566667' AS DateTime2), 1, CAST(N'2017-05-24T04:22:03.6566667' AS DateTime2))
INSERT [dbo].[GeneralTable] ([GeneralTableId], [Code], [TableName], [Value], [Sequence], [ByDefault], [RowStatus], [CreatedBy], [CreationDate], [UpdatedBy], [UpdatedDate]) VALUES (15, N'DEPOSITBNK', N'PaymentMode', N'Deposit in the Bank', 2, 0, 1, 1, CAST(N'2017-05-24T04:22:03.6566667' AS DateTime2), 1, CAST(N'2017-05-24T04:22:03.6566667' AS DateTime2))
INSERT [dbo].[GeneralTable] ([GeneralTableId], [Code], [TableName], [Value], [Sequence], [ByDefault], [RowStatus], [CreatedBy], [CreationDate], [UpdatedBy], [UpdatedDate]) VALUES (16, N'CREDITCARD', N'PaymentMode', N'Visa o Mastercard', 4, 0, 1, 1, CAST(N'2017-05-24T04:22:03.6733333' AS DateTime2), 1, CAST(N'2017-05-24T04:22:03.6733333' AS DateTime2))
INSERT [dbo].[GeneralTable] ([GeneralTableId], [Code], [TableName], [Value], [Sequence], [ByDefault], [RowStatus], [CreatedBy], [CreationDate], [UpdatedBy], [UpdatedDate]) VALUES (17, N'ETRANSFER', N'PaymentMode', N'E-transfer', 5, 0, 1, 1, CAST(N'2017-05-24T04:22:03.6900000' AS DateTime2), 1, CAST(N'2017-05-24T04:22:03.6900000' AS DateTime2))
INSERT [dbo].[GeneralTable] ([GeneralTableId], [Code], [TableName], [Value], [Sequence], [ByDefault], [RowStatus], [CreatedBy], [CreationDate], [UpdatedBy], [UpdatedDate]) VALUES (18, N'WESTERNU', N'PaymentMode', N'Western Union', 6, 0, 1, 1, CAST(N'2017-05-24T04:22:03.6900000' AS DateTime2), 1, CAST(N'2017-05-24T04:22:03.6900000' AS DateTime2))
INSERT [dbo].[GeneralTable] ([GeneralTableId], [Code], [TableName], [Value], [Sequence], [ByDefault], [RowStatus], [CreatedBy], [CreationDate], [UpdatedBy], [UpdatedDate]) VALUES (19, N'TRANSFER', N'PaymentMode', N'Transference', 7, 0, 1, 1, CAST(N'2017-05-24T04:22:03.7033333' AS DateTime2), 1, CAST(N'2017-05-24T04:22:03.7033333' AS DateTime2))
INSERT [dbo].[GeneralTable] ([GeneralTableId], [Code], [TableName], [Value], [Sequence], [ByDefault], [RowStatus], [CreatedBy], [CreationDate], [UpdatedBy], [UpdatedDate]) VALUES (20, N'APARTMENT', N'HouseType', N'Apartment', 1, 1, 1, 1, CAST(N'2017-05-24T04:22:03.7033333' AS DateTime2), 1, CAST(N'2017-05-24T04:22:03.7033333' AS DateTime2))
INSERT [dbo].[GeneralTable] ([GeneralTableId], [Code], [TableName], [Value], [Sequence], [ByDefault], [RowStatus], [CreatedBy], [CreationDate], [UpdatedBy], [UpdatedDate]) VALUES (21, N'TNTMAIN', N'TenantType', N'Main', 1, 1, 1, 1, CAST(N'2017-05-24T05:14:06.1433333' AS DateTime2), 1, CAST(N'2017-05-24T05:14:06.1433333' AS DateTime2))
INSERT [dbo].[GeneralTable] ([GeneralTableId], [Code], [TableName], [Value], [Sequence], [ByDefault], [RowStatus], [CreatedBy], [CreationDate], [UpdatedBy], [UpdatedDate]) VALUES (24, N'TNTCOMPANI', N'TenantType', N'Companion', 2, 0, 1, 1, CAST(N'2017-05-24T05:14:40.9100000' AS DateTime2), 1, CAST(N'2017-05-24T05:14:40.9100000' AS DateTime2))
INSERT [dbo].[GeneralTable] ([GeneralTableId], [Code], [TableName], [Value], [Sequence], [ByDefault], [RowStatus], [CreatedBy], [CreationDate], [UpdatedBy], [UpdatedDate]) VALUES (25, N'MINIAPART', N'HouseType', N'Mini Apartment', 3, 0, 1, 1, CAST(N'2017-06-15T01:43:54.1400000' AS DateTime2), 1, CAST(N'2017-06-15T01:43:54.1400000' AS DateTime2))
INSERT [dbo].[GeneralTable] ([GeneralTableId], [Code], [TableName], [Value], [Sequence], [ByDefault], [RowStatus], [CreatedBy], [CreationDate], [UpdatedBy], [UpdatedDate]) VALUES (26, N'RENT', N'PaymentType', N'Rent', 1, 1, 1, 1, CAST(N'2017-09-07T03:00:19.3766667' AS DateTime2), 1, CAST(N'2017-09-07T03:00:19.3766667' AS DateTime2))
INSERT [dbo].[GeneralTable] ([GeneralTableId], [Code], [TableName], [Value], [Sequence], [ByDefault], [RowStatus], [CreatedBy], [CreationDate], [UpdatedBy], [UpdatedDate]) VALUES (27, N'DEPOSIT', N'PaymentType', N'Deposit', 2, 0, 1, 1, CAST(N'2017-09-07T03:00:19.3933333' AS DateTime2), 1, CAST(N'2017-09-07T03:00:19.3933333' AS DateTime2))
INSERT [dbo].[GeneralTable] ([GeneralTableId], [Code], [TableName], [Value], [Sequence], [ByDefault], [RowStatus], [CreatedBy], [CreationDate], [UpdatedBy], [UpdatedDate]) VALUES (28, N'SERVICE', N'PaymentType', N'Service', 3, 0, 1, 1, CAST(N'2017-09-07T03:00:19.3933333' AS DateTime2), 1, CAST(N'2017-09-07T03:00:19.3933333' AS DateTime2))
INSERT [dbo].[GeneralTable] ([GeneralTableId], [Code], [TableName], [Value], [Sequence], [ByDefault], [RowStatus], [CreatedBy], [CreationDate], [UpdatedBy], [UpdatedDate]) VALUES (29, N'FINE', N'PaymentType', N'Fine', 4, 0, 1, 1, CAST(N'2017-09-07T03:00:19.4066667' AS DateTime2), 1, CAST(N'2017-09-07T03:00:19.4066667' AS DateTime2))
INSERT [dbo].[GeneralTable] ([GeneralTableId], [Code], [TableName], [Value], [Sequence], [ByDefault], [RowStatus], [CreatedBy], [CreationDate], [UpdatedBy], [UpdatedDate]) VALUES (30, N'LATEFEE', N'PaymentType', N'Late Fee', 5, 0, 1, 1, CAST(N'2017-09-07T03:00:19.4066667' AS DateTime2), 1, CAST(N'2017-09-07T03:00:19.4066667' AS DateTime2))
INSERT [dbo].[GeneralTable] ([GeneralTableId], [Code], [TableName], [Value], [Sequence], [ByDefault], [RowStatus], [CreatedBy], [CreationDate], [UpdatedBy], [UpdatedDate]) VALUES (31, N'PAYMENT', N'ConceptType', N'Payment', 5, 0, 1, 1, CAST(N'2017-09-07T03:02:59.4800000' AS DateTime2), 1, CAST(N'2017-09-07T03:02:59.4800000' AS DateTime2))
INSERT [dbo].[GeneralTable] ([GeneralTableId], [Code], [TableName], [Value], [Sequence], [ByDefault], [RowStatus], [CreatedBy], [CreationDate], [UpdatedBy], [UpdatedDate]) VALUES (32, N'ENERGPROVD', N'ServiceProvider', N'Energy', 1, 0, 1, 1, CAST(N'2017-09-18T03:53:45.1466667' AS DateTime2), NULL, NULL)
INSERT [dbo].[GeneralTable] ([GeneralTableId], [Code], [TableName], [Value], [Sequence], [ByDefault], [RowStatus], [CreatedBy], [CreationDate], [UpdatedBy], [UpdatedDate]) VALUES (33, N'WATERPROVD', N'ServiceProvider', N'Water', 1, 0, 1, 1, CAST(N'2017-09-18T03:53:45.3333333' AS DateTime2), NULL, NULL)
INSERT [dbo].[GeneralTable] ([GeneralTableId], [Code], [TableName], [Value], [Sequence], [ByDefault], [RowStatus], [CreatedBy], [CreationDate], [UpdatedBy], [UpdatedDate]) VALUES (34, N'BUDGET', N'BudgetRange', N'200 - 500', 1, 0, 1, 1, CAST(N'2017-11-03T00:10:07.2200000' AS DateTime2), 1, CAST(N'2017-11-03T00:10:07.2200000' AS DateTime2))
INSERT [dbo].[GeneralTable] ([GeneralTableId], [Code], [TableName], [Value], [Sequence], [ByDefault], [RowStatus], [CreatedBy], [CreationDate], [UpdatedBy], [UpdatedDate]) VALUES (35, N'BUDGETR1', N'BudgetRange', N'200 - 500', 1, 0, 1, 1, CAST(N'2017-11-03T00:12:02.2800000' AS DateTime2), 1, CAST(N'2017-11-03T00:12:02.2800000' AS DateTime2))
INSERT [dbo].[GeneralTable] ([GeneralTableId], [Code], [TableName], [Value], [Sequence], [ByDefault], [RowStatus], [CreatedBy], [CreationDate], [UpdatedBy], [UpdatedDate]) VALUES (36, N'BUDGETR2', N'BudgetRange', N'500 - 800', 2, 0, 1, 1, CAST(N'2017-11-03T00:12:02.2966667' AS DateTime2), 1, CAST(N'2017-11-03T00:12:02.2966667' AS DateTime2))
INSERT [dbo].[GeneralTable] ([GeneralTableId], [Code], [TableName], [Value], [Sequence], [ByDefault], [RowStatus], [CreatedBy], [CreationDate], [UpdatedBy], [UpdatedDate]) VALUES (37, N'BUDGETR3', N'BudgetRange', N'801 - 1000', 3, 0, 1, 1, CAST(N'2017-11-03T00:12:02.2966667' AS DateTime2), 1, CAST(N'2017-11-03T00:12:02.2966667' AS DateTime2))
INSERT [dbo].[GeneralTable] ([GeneralTableId], [Code], [TableName], [Value], [Sequence], [ByDefault], [RowStatus], [CreatedBy], [CreationDate], [UpdatedBy], [UpdatedDate]) VALUES (38, N'BUDGETR4', N'BudgetRange', N'1000 - 1500', 4, 0, 1, 1, CAST(N'2017-11-03T00:12:02.3100000' AS DateTime2), 1, CAST(N'2017-11-03T00:12:02.3100000' AS DateTime2))
INSERT [dbo].[GeneralTable] ([GeneralTableId], [Code], [TableName], [Value], [Sequence], [ByDefault], [RowStatus], [CreatedBy], [CreationDate], [UpdatedBy], [UpdatedDate]) VALUES (39, N'BUDGETR5', N'BudgetRange', N'1501 - 2000', 5, 0, 1, 1, CAST(N'2017-11-03T00:12:02.3266667' AS DateTime2), 1, CAST(N'2017-11-03T00:12:02.3266667' AS DateTime2))
INSERT [dbo].[GeneralTable] ([GeneralTableId], [Code], [TableName], [Value], [Sequence], [ByDefault], [RowStatus], [CreatedBy], [CreationDate], [UpdatedBy], [UpdatedDate]) VALUES (40, N'BUDGETR6', N'BudgetRange', N'2001 - more', 6, 0, 1, 1, CAST(N'2017-11-03T00:12:02.3900000' AS DateTime2), 1, CAST(N'2017-11-03T00:12:02.3900000' AS DateTime2))
INSERT [dbo].[GeneralTable] ([GeneralTableId], [Code], [TableName], [Value], [Sequence], [ByDefault], [RowStatus], [CreatedBy], [CreationDate], [UpdatedBy], [UpdatedDate]) VALUES (42, N'PROPSHARED', N'CompleteShared', N'Shared', 2, 0, 1, 1, CAST(N'2017-11-09T04:59:48.9533333' AS DateTime2), 1, CAST(N'2017-11-09T04:59:48.9533333' AS DateTime2))
INSERT [dbo].[GeneralTable] ([GeneralTableId], [Code], [TableName], [Value], [Sequence], [ByDefault], [RowStatus], [CreatedBy], [CreationDate], [UpdatedBy], [UpdatedDate]) VALUES (43, N'PROPCOMPLE', N'CompleteShared', N'Complete', 1, 0, 1, 1, CAST(N'2017-11-09T05:00:12.8800000' AS DateTime2), 1, CAST(N'2017-11-09T05:00:12.8800000' AS DateTime2))
INSERT [dbo].[GeneralTable] ([GeneralTableId], [Code], [TableName], [Value], [Sequence], [ByDefault], [RowStatus], [CreatedBy], [CreationDate], [UpdatedBy], [UpdatedDate]) VALUES (44, N'INDWNT', N'OutInDowntown', N'Downtown', 2, 0, 1, 1, CAST(N'2017-11-09T05:16:37.4733333' AS DateTime2), 1, CAST(N'2017-11-09T05:16:37.4733333' AS DateTime2))
INSERT [dbo].[GeneralTable] ([GeneralTableId], [Code], [TableName], [Value], [Sequence], [ByDefault], [RowStatus], [CreatedBy], [CreationDate], [UpdatedBy], [UpdatedDate]) VALUES (45, N'OUTOFDWNT', N'OutInDowntown', N'Out of Downtown', 2, 0, 1, 1, CAST(N'2017-11-09T05:16:37.5366667' AS DateTime2), 1, CAST(N'2017-11-09T05:16:37.5366667' AS DateTime2))
INSERT [dbo].[GeneralTable] ([GeneralTableId], [Code], [TableName], [Value], [Sequence], [ByDefault], [RowStatus], [CreatedBy], [CreationDate], [UpdatedBy], [UpdatedDate]) VALUES (52, N'REFFACE', N'ReferredBy', N'Facebook', 1, 0, 1, 1, CAST(N'2017-11-17T02:32:51.4433333' AS DateTime2), 1, CAST(N'2017-11-17T02:32:51.4433333' AS DateTime2))
INSERT [dbo].[GeneralTable] ([GeneralTableId], [Code], [TableName], [Value], [Sequence], [ByDefault], [RowStatus], [CreatedBy], [CreationDate], [UpdatedBy], [UpdatedDate]) VALUES (53, N'REFCRAI', N'ReferredBy', N'CraigsList', 2, 0, 1, 1, CAST(N'2017-11-17T02:32:51.4433333' AS DateTime2), 1, CAST(N'2017-11-17T02:32:51.4433333' AS DateTime2))
INSERT [dbo].[GeneralTable] ([GeneralTableId], [Code], [TableName], [Value], [Sequence], [ByDefault], [RowStatus], [CreatedBy], [CreationDate], [UpdatedBy], [UpdatedDate]) VALUES (54, N'REFCMMX', N'ReferredBy', N'Comunidad Mexicana VC', 3, 0, 1, 1, CAST(N'2017-11-17T02:32:51.4600000' AS DateTime2), 1, CAST(N'2017-11-17T02:32:51.4600000' AS DateTime2))
INSERT [dbo].[GeneralTable] ([GeneralTableId], [Code], [TableName], [Value], [Sequence], [ByDefault], [RowStatus], [CreatedBy], [CreationDate], [UpdatedBy], [UpdatedDate]) VALUES (55, N'REFSHIR', N'ReferredBy', N'Shirley', 4, 0, 1, 1, CAST(N'2017-11-17T02:32:51.4600000' AS DateTime2), 1, CAST(N'2017-11-17T02:32:51.4600000' AS DateTime2))
INSERT [dbo].[GeneralTable] ([GeneralTableId], [Code], [TableName], [Value], [Sequence], [ByDefault], [RowStatus], [CreatedBy], [CreationDate], [UpdatedBy], [UpdatedDate]) VALUES (56, N'REFKJIJ', N'ReferredBy', N'Kjiji', 5, 0, 1, 1, CAST(N'2017-11-17T02:32:51.4766667' AS DateTime2), 1, CAST(N'2017-11-17T02:32:51.4766667' AS DateTime2))
INSERT [dbo].[GeneralTable] ([GeneralTableId], [Code], [TableName], [Value], [Sequence], [ByDefault], [RowStatus], [CreatedBy], [CreationDate], [UpdatedBy], [UpdatedDate]) VALUES (57, N'REFOTHE', N'ReferredBy', N'Other', 6, 0, 1, 1, CAST(N'2017-11-17T02:32:51.4766667' AS DateTime2), 1, CAST(N'2017-11-17T02:32:51.4766667' AS DateTime2))
SET IDENTITY_INSERT [dbo].[GeneralTable] OFF
SET IDENTITY_INSERT [dbo].[Module] ON 

INSERT [dbo].[Module] ([ModuleId], [Code], [Name], [URL], [ParentModuleId], [SortOrder], [RowStatus], [CreatedBy], [CreationDate], [UpdatedBy], [UpdatedDate]) VALUES (1, N'REPORTS', N'Reports', NULL, NULL, 1, 0, 1, CAST(N'2017-01-16T17:38:03.6830000' AS DateTime2), 1, CAST(N'2017-01-16T17:38:03.6830000' AS DateTime2))
INSERT [dbo].[Module] ([ModuleId], [Code], [Name], [URL], [ParentModuleId], [SortOrder], [RowStatus], [CreatedBy], [CreationDate], [UpdatedBy], [UpdatedDate]) VALUES (2, N'MAINTENANCE', N'Maintenance', NULL, NULL, 2, 1, 1, CAST(N'2017-01-16T17:38:03.6830000' AS DateTime2), 1, CAST(N'2017-01-16T17:38:03.6830000' AS DateTime2))
INSERT [dbo].[Module] ([ModuleId], [Code], [Name], [URL], [ParentModuleId], [SortOrder], [RowStatus], [CreatedBy], [CreationDate], [UpdatedBy], [UpdatedDate]) VALUES (3, N'SETTLEMENT', N'Settlement', NULL, NULL, 3, 0, 1, CAST(N'2017-01-16T17:38:03.6830000' AS DateTime2), 1, CAST(N'2017-01-16T17:38:03.6830000' AS DateTime2))
INSERT [dbo].[Module] ([ModuleId], [Code], [Name], [URL], [ParentModuleId], [SortOrder], [RowStatus], [CreatedBy], [CreationDate], [UpdatedBy], [UpdatedDate]) VALUES (4, N'SHIPMENTTRACKING', N'Shipment Tracking', NULL, NULL, 4, 0, 1, CAST(N'2017-01-16T17:38:03.6830000' AS DateTime2), 1, CAST(N'2017-01-16T17:38:03.6830000' AS DateTime2))
INSERT [dbo].[Module] ([ModuleId], [Code], [Name], [URL], [ParentModuleId], [SortOrder], [RowStatus], [CreatedBy], [CreationDate], [UpdatedBy], [UpdatedDate]) VALUES (5, N'DEVICE', N'Device', N'/maintenance/device', 2, 6, 0, 1, CAST(N'2017-01-16T17:38:03.6830000' AS DateTime2), 1, CAST(N'2017-01-16T17:38:03.6830000' AS DateTime2))
INSERT [dbo].[Module] ([ModuleId], [Code], [Name], [URL], [ParentModuleId], [SortOrder], [RowStatus], [CreatedBy], [CreationDate], [UpdatedBy], [UpdatedDate]) VALUES (6, N'LOCATION', N'Location', N'/maintenance/location', 2, 7, 0, 1, CAST(N'2017-01-16T17:38:03.6830000' AS DateTime2), 1, CAST(N'2017-01-16T17:38:03.6830000' AS DateTime2))
INSERT [dbo].[Module] ([ModuleId], [Code], [Name], [URL], [ParentModuleId], [SortOrder], [RowStatus], [CreatedBy], [CreationDate], [UpdatedBy], [UpdatedDate]) VALUES (7, N'MODULE', N'Module', N'/maintenance/module', 2, 8, 1, 1, CAST(N'2017-01-16T17:38:03.6830000' AS DateTime2), 1, CAST(N'2017-01-16T17:38:03.6830000' AS DateTime2))
INSERT [dbo].[Module] ([ModuleId], [Code], [Name], [URL], [ParentModuleId], [SortOrder], [RowStatus], [CreatedBy], [CreationDate], [UpdatedBy], [UpdatedDate]) VALUES (8, N'ROLE', N'Role', N'/maintenance/role', 2, 9, 1, 1, CAST(N'2017-01-16T17:38:03.6830000' AS DateTime2), 1, CAST(N'2017-01-16T17:38:03.6830000' AS DateTime2))
INSERT [dbo].[Module] ([ModuleId], [Code], [Name], [URL], [ParentModuleId], [SortOrder], [RowStatus], [CreatedBy], [CreationDate], [UpdatedBy], [UpdatedDate]) VALUES (9, N'USER', N'User', N'/maintenance/user', 2, 10, 1, 1, CAST(N'2017-01-16T17:38:03.6830000' AS DateTime2), 3015, CAST(N'2017-03-01T20:12:23.9822215' AS DateTime2))
INSERT [dbo].[Module] ([ModuleId], [Code], [Name], [URL], [ParentModuleId], [SortOrder], [RowStatus], [CreatedBy], [CreationDate], [UpdatedBy], [UpdatedDate]) VALUES (10, N'EXTERNAL', N'External', N'/report/report/external', 1, 11, 0, 1, CAST(N'2017-01-16T17:38:03.6830000' AS DateTime2), 1, CAST(N'2017-01-16T17:38:03.6830000' AS DateTime2))
INSERT [dbo].[Module] ([ModuleId], [Code], [Name], [URL], [ParentModuleId], [SortOrder], [RowStatus], [CreatedBy], [CreationDate], [UpdatedBy], [UpdatedDate]) VALUES (11, N'INTERNAL', N'Internal', N'/report/report/internal', 1, 12, 0, 1, CAST(N'2017-01-16T17:38:03.6830000' AS DateTime2), 1, CAST(N'2017-01-16T17:38:03.6830000' AS DateTime2))
INSERT [dbo].[Module] ([ModuleId], [Code], [Name], [URL], [ParentModuleId], [SortOrder], [RowStatus], [CreatedBy], [CreationDate], [UpdatedBy], [UpdatedDate]) VALUES (12, N'LAST24HOURS', N'Last 24 hours', N'/shipment-tracking/last-24-hours', 4, 13, 0, 1, CAST(N'2017-01-16T17:38:03.6830000' AS DateTime2), 1, CAST(N'2017-01-16T17:38:03.6830000' AS DateTime2))
INSERT [dbo].[Module] ([ModuleId], [Code], [Name], [URL], [ParentModuleId], [SortOrder], [RowStatus], [CreatedBy], [CreationDate], [UpdatedBy], [UpdatedDate]) VALUES (13, N'LATESTPOSITION', N'Latest Position', N'/shipment-tracking/latest-position', 4, 14, 0, 1, CAST(N'2017-01-16T17:38:03.6830000' AS DateTime2), 1, CAST(N'2017-01-16T17:38:03.6830000' AS DateTime2))
INSERT [dbo].[Module] ([ModuleId], [Code], [Name], [URL], [ParentModuleId], [SortOrder], [RowStatus], [CreatedBy], [CreationDate], [UpdatedBy], [UpdatedDate]) VALUES (14, N'ACTIVITYLOG', N'Activity Log', N'/shipment-tracking/activity-log', 4, 15, 0, 1, CAST(N'2017-01-16T17:38:03.6830000' AS DateTime2), 1, CAST(N'2017-01-16T17:38:03.6830000' AS DateTime2))
INSERT [dbo].[Module] ([ModuleId], [Code], [Name], [URL], [ParentModuleId], [SortOrder], [RowStatus], [CreatedBy], [CreationDate], [UpdatedBy], [UpdatedDate]) VALUES (15, N'APPROVAL', N'Daily Activity Approval', N'/settlement/driver-report-approval', 3, 16, 0, 1, CAST(N'2017-01-16T17:38:03.6830000' AS DateTime2), 1, CAST(N'2017-01-16T17:38:03.6830000' AS DateTime2))
INSERT [dbo].[Module] ([ModuleId], [Code], [Name], [URL], [ParentModuleId], [SortOrder], [RowStatus], [CreatedBy], [CreationDate], [UpdatedBy], [UpdatedDate]) VALUES (16, N'PAYREPORT', N'Driver Pay', N'/settlement/driver-pay-report', 3, 17, 0, 1, CAST(N'2017-01-16T17:38:03.6830000' AS DateTime2), 1, CAST(N'2017-01-16T17:38:03.6830000' AS DateTime2))
INSERT [dbo].[Module] ([ModuleId], [Code], [Name], [URL], [ParentModuleId], [SortOrder], [RowStatus], [CreatedBy], [CreationDate], [UpdatedBy], [UpdatedDate]) VALUES (17, N'WEEKLYREPORT', N'Weekly Activity', N'/settlement/driver-weekly-report', 3, 18, 0, 1, CAST(N'2017-01-16T17:38:03.6830000' AS DateTime2), 1, CAST(N'2017-01-16T17:38:03.6830000' AS DateTime2))
INSERT [dbo].[Module] ([ModuleId], [Code], [Name], [URL], [ParentModuleId], [SortOrder], [RowStatus], [CreatedBy], [CreationDate], [UpdatedBy], [UpdatedDate]) VALUES (18, N'AMIGOTENANT', N'Amigo Tenant', NULL, NULL, 5, 1, 1, CAST(N'2017-05-31T05:28:21.8366667' AS DateTime2), NULL, NULL)
INSERT [dbo].[Module] ([ModuleId], [Code], [Name], [URL], [ParentModuleId], [SortOrder], [RowStatus], [CreatedBy], [CreationDate], [UpdatedBy], [UpdatedDate]) VALUES (19, N'AT-CONTRACT', N'Contract', N'/amigotenant/contract', 18, 19, 1, 1, CAST(N'2017-05-31T05:28:22.0700000' AS DateTime2), 3015, CAST(N'2017-11-15T03:37:50.0186391' AS DateTime2))
INSERT [dbo].[Module] ([ModuleId], [Code], [Name], [URL], [ParentModuleId], [SortOrder], [RowStatus], [CreatedBy], [CreationDate], [UpdatedBy], [UpdatedDate]) VALUES (20, N'AT-TENANT', N'Tenant', N'/amigotenant/tenant', 18, 20, 1, 1, CAST(N'2017-05-31T05:28:22.3066667' AS DateTime2), NULL, NULL)
INSERT [dbo].[Module] ([ModuleId], [Code], [Name], [URL], [ParentModuleId], [SortOrder], [RowStatus], [CreatedBy], [CreationDate], [UpdatedBy], [UpdatedDate]) VALUES (21, N'AT-HOUSE', N'House', N'/amigotenant/house', 18, 19, 1, 1, CAST(N'2017-08-07T17:39:57.3166667' AS DateTime2), NULL, NULL)
INSERT [dbo].[Module] ([ModuleId], [Code], [Name], [URL], [ParentModuleId], [SortOrder], [RowStatus], [CreatedBy], [CreationDate], [UpdatedBy], [UpdatedDate]) VALUES (22, N'PAYMENT', N'Massive Payment', N'/payment', 18, 15, 1, 3015, CAST(N'2017-09-15T21:06:14.4902842' AS DateTime2), 3015, CAST(N'2017-09-15T21:14:22.6746370' AS DateTime2))
INSERT [dbo].[Module] ([ModuleId], [Code], [Name], [URL], [ParentModuleId], [SortOrder], [RowStatus], [CreatedBy], [CreationDate], [UpdatedBy], [UpdatedDate]) VALUES (23, N'AT-PAYMENT', N'Payment', N'/amigotenant/payment', 18, 19, 1, 1, CAST(N'2017-10-25T21:47:30.7166667' AS DateTime2), 3015, CAST(N'2017-10-25T23:21:14.8728089' AS DateTime2))
INSERT [dbo].[Module] ([ModuleId], [Code], [Name], [URL], [ParentModuleId], [SortOrder], [RowStatus], [CreatedBy], [CreationDate], [UpdatedBy], [UpdatedDate]) VALUES (26, N'LEASING', N'Leasing', NULL, NULL, 6, 1, 1, CAST(N'2017-11-05T18:14:11.8966667' AS DateTime2), NULL, NULL)
INSERT [dbo].[Module] ([ModuleId], [Code], [Name], [URL], [ParentModuleId], [SortOrder], [RowStatus], [CreatedBy], [CreationDate], [UpdatedBy], [UpdatedDate]) VALUES (27, N'AT-RENTALAPP', N'Rental Application', N'/leasing/rentalApp', 26, 25, 1, 1, CAST(N'2017-11-05T18:14:11.9133333' AS DateTime2), NULL, NULL)
SET IDENTITY_INSERT [dbo].[Module] OFF
SET IDENTITY_INSERT [dbo].[Period] ON 

INSERT [dbo].[Period] ([PeriodId], [Code], [BeginDate], [EndDate], [RowStatus], [CreatedBy], [CreationDate], [UpdatedBy], [UpdatedDate], [DueDate], [Sequence]) VALUES (2, N'201701', CAST(N'2017-01-01T00:00:00.0000000' AS DateTime2), CAST(N'2017-01-31T00:00:00.0000000' AS DateTime2), 1, 1, CAST(N'2017-05-24T04:44:07.7033333' AS DateTime2), 1, CAST(N'2017-05-24T04:44:07.7033333' AS DateTime2), CAST(N'2017-01-28T00:00:00.0000000' AS DateTime2), 1)
INSERT [dbo].[Period] ([PeriodId], [Code], [BeginDate], [EndDate], [RowStatus], [CreatedBy], [CreationDate], [UpdatedBy], [UpdatedDate], [DueDate], [Sequence]) VALUES (3, N'201702', CAST(N'2017-02-01T00:00:00.0000000' AS DateTime2), CAST(N'2017-02-28T00:00:00.0000000' AS DateTime2), 1, 1, CAST(N'2017-05-24T04:44:07.7200000' AS DateTime2), 1, CAST(N'2017-05-24T04:44:07.7200000' AS DateTime2), CAST(N'2017-02-28T00:00:00.0000000' AS DateTime2), 2)
INSERT [dbo].[Period] ([PeriodId], [Code], [BeginDate], [EndDate], [RowStatus], [CreatedBy], [CreationDate], [UpdatedBy], [UpdatedDate], [DueDate], [Sequence]) VALUES (4, N'201703', CAST(N'2017-03-01T00:00:00.0000000' AS DateTime2), CAST(N'2017-03-31T00:00:00.0000000' AS DateTime2), 1, 1, CAST(N'2017-05-24T04:44:07.7366667' AS DateTime2), 1, CAST(N'2017-05-24T04:44:07.7366667' AS DateTime2), CAST(N'2017-03-28T00:00:00.0000000' AS DateTime2), 3)
INSERT [dbo].[Period] ([PeriodId], [Code], [BeginDate], [EndDate], [RowStatus], [CreatedBy], [CreationDate], [UpdatedBy], [UpdatedDate], [DueDate], [Sequence]) VALUES (5, N'201704', CAST(N'2017-04-01T00:00:00.0000000' AS DateTime2), CAST(N'2017-04-30T00:00:00.0000000' AS DateTime2), 1, 1, CAST(N'2017-05-24T04:44:07.7500000' AS DateTime2), 1, CAST(N'2017-05-24T04:44:07.7500000' AS DateTime2), CAST(N'2017-04-28T00:00:00.0000000' AS DateTime2), 4)
INSERT [dbo].[Period] ([PeriodId], [Code], [BeginDate], [EndDate], [RowStatus], [CreatedBy], [CreationDate], [UpdatedBy], [UpdatedDate], [DueDate], [Sequence]) VALUES (6, N'201705', CAST(N'2017-05-01T00:00:00.0000000' AS DateTime2), CAST(N'2017-05-31T00:00:00.0000000' AS DateTime2), 1, 1, CAST(N'2017-05-24T04:44:07.7500000' AS DateTime2), 1, CAST(N'2017-05-24T04:44:07.7500000' AS DateTime2), CAST(N'2017-05-28T00:00:00.0000000' AS DateTime2), 5)
INSERT [dbo].[Period] ([PeriodId], [Code], [BeginDate], [EndDate], [RowStatus], [CreatedBy], [CreationDate], [UpdatedBy], [UpdatedDate], [DueDate], [Sequence]) VALUES (7, N'201706', CAST(N'2017-06-01T00:00:00.0000000' AS DateTime2), CAST(N'2017-06-30T00:00:00.0000000' AS DateTime2), 1, 1, CAST(N'2017-05-24T04:44:07.7666667' AS DateTime2), 1, CAST(N'2017-05-24T04:44:07.7666667' AS DateTime2), CAST(N'2017-06-28T00:00:00.0000000' AS DateTime2), 6)
INSERT [dbo].[Period] ([PeriodId], [Code], [BeginDate], [EndDate], [RowStatus], [CreatedBy], [CreationDate], [UpdatedBy], [UpdatedDate], [DueDate], [Sequence]) VALUES (8, N'201707', CAST(N'2017-07-01T00:00:00.0000000' AS DateTime2), CAST(N'2017-07-31T00:00:00.0000000' AS DateTime2), 1, 1, CAST(N'2017-05-24T04:44:07.7833333' AS DateTime2), 1, CAST(N'2017-05-24T04:44:07.7833333' AS DateTime2), CAST(N'2017-07-28T00:00:00.0000000' AS DateTime2), 7)
INSERT [dbo].[Period] ([PeriodId], [Code], [BeginDate], [EndDate], [RowStatus], [CreatedBy], [CreationDate], [UpdatedBy], [UpdatedDate], [DueDate], [Sequence]) VALUES (9, N'201708', CAST(N'2017-08-01T00:00:00.0000000' AS DateTime2), CAST(N'2017-08-31T00:00:00.0000000' AS DateTime2), 1, 1, CAST(N'2017-05-24T04:44:07.7833333' AS DateTime2), 1, CAST(N'2017-05-24T04:44:07.7833333' AS DateTime2), CAST(N'2017-08-28T00:00:00.0000000' AS DateTime2), 8)
INSERT [dbo].[Period] ([PeriodId], [Code], [BeginDate], [EndDate], [RowStatus], [CreatedBy], [CreationDate], [UpdatedBy], [UpdatedDate], [DueDate], [Sequence]) VALUES (10, N'201709', CAST(N'2017-09-01T00:00:00.0000000' AS DateTime2), CAST(N'2017-09-30T00:00:00.0000000' AS DateTime2), 1, 1, CAST(N'2017-05-24T04:44:07.8133333' AS DateTime2), 1, CAST(N'2017-05-24T04:44:07.8133333' AS DateTime2), CAST(N'2017-09-28T00:00:00.0000000' AS DateTime2), 9)
INSERT [dbo].[Period] ([PeriodId], [Code], [BeginDate], [EndDate], [RowStatus], [CreatedBy], [CreationDate], [UpdatedBy], [UpdatedDate], [DueDate], [Sequence]) VALUES (11, N'201710', CAST(N'2017-10-01T00:00:00.0000000' AS DateTime2), CAST(N'2017-10-31T00:00:00.0000000' AS DateTime2), 1, 1, CAST(N'2017-05-24T04:44:07.8133333' AS DateTime2), 1, CAST(N'2017-05-24T04:44:07.8133333' AS DateTime2), CAST(N'2017-10-28T00:00:00.0000000' AS DateTime2), 10)
INSERT [dbo].[Period] ([PeriodId], [Code], [BeginDate], [EndDate], [RowStatus], [CreatedBy], [CreationDate], [UpdatedBy], [UpdatedDate], [DueDate], [Sequence]) VALUES (12, N'201711', CAST(N'2017-11-01T00:00:00.0000000' AS DateTime2), CAST(N'2017-11-30T00:00:00.0000000' AS DateTime2), 1, 1, CAST(N'2017-05-24T04:44:07.8300000' AS DateTime2), 1, CAST(N'2017-05-24T04:44:07.8300000' AS DateTime2), CAST(N'2017-11-28T00:00:00.0000000' AS DateTime2), 11)
INSERT [dbo].[Period] ([PeriodId], [Code], [BeginDate], [EndDate], [RowStatus], [CreatedBy], [CreationDate], [UpdatedBy], [UpdatedDate], [DueDate], [Sequence]) VALUES (13, N'201712', CAST(N'2017-12-01T00:00:00.0000000' AS DateTime2), CAST(N'2017-12-31T00:00:00.0000000' AS DateTime2), 1, 1, CAST(N'2017-05-24T04:44:07.8300000' AS DateTime2), 1, CAST(N'2017-05-24T04:44:07.8300000' AS DateTime2), CAST(N'2017-12-28T00:00:00.0000000' AS DateTime2), 12)
INSERT [dbo].[Period] ([PeriodId], [Code], [BeginDate], [EndDate], [RowStatus], [CreatedBy], [CreationDate], [UpdatedBy], [UpdatedDate], [DueDate], [Sequence]) VALUES (38, N'201801', CAST(N'2018-01-01T00:00:00.0000000' AS DateTime2), CAST(N'2018-01-31T00:00:00.0000000' AS DateTime2), 1, 1, CAST(N'2017-09-07T02:53:44.0333333' AS DateTime2), 1, CAST(N'2017-09-07T02:53:44.0333333' AS DateTime2), CAST(N'2018-01-28T00:00:00.0000000' AS DateTime2), 13)
INSERT [dbo].[Period] ([PeriodId], [Code], [BeginDate], [EndDate], [RowStatus], [CreatedBy], [CreationDate], [UpdatedBy], [UpdatedDate], [DueDate], [Sequence]) VALUES (39, N'201802', CAST(N'2018-02-01T00:00:00.0000000' AS DateTime2), CAST(N'2018-02-28T00:00:00.0000000' AS DateTime2), 1, 1, CAST(N'2017-09-07T02:53:44.0333333' AS DateTime2), 1, CAST(N'2017-09-07T02:53:44.0333333' AS DateTime2), CAST(N'2018-02-28T00:00:00.0000000' AS DateTime2), 14)
INSERT [dbo].[Period] ([PeriodId], [Code], [BeginDate], [EndDate], [RowStatus], [CreatedBy], [CreationDate], [UpdatedBy], [UpdatedDate], [DueDate], [Sequence]) VALUES (40, N'201803', CAST(N'2018-03-01T00:00:00.0000000' AS DateTime2), CAST(N'2018-03-31T00:00:00.0000000' AS DateTime2), 1, 1, CAST(N'2017-09-07T02:53:44.0500000' AS DateTime2), 1, CAST(N'2017-09-07T02:53:44.0500000' AS DateTime2), CAST(N'2018-03-28T00:00:00.0000000' AS DateTime2), 15)
INSERT [dbo].[Period] ([PeriodId], [Code], [BeginDate], [EndDate], [RowStatus], [CreatedBy], [CreationDate], [UpdatedBy], [UpdatedDate], [DueDate], [Sequence]) VALUES (41, N'201804', CAST(N'2018-04-01T00:00:00.0000000' AS DateTime2), CAST(N'2018-04-30T00:00:00.0000000' AS DateTime2), 1, 1, CAST(N'2017-09-07T02:53:44.0633333' AS DateTime2), 1, CAST(N'2017-09-07T02:53:44.0633333' AS DateTime2), CAST(N'2018-04-28T00:00:00.0000000' AS DateTime2), 16)
INSERT [dbo].[Period] ([PeriodId], [Code], [BeginDate], [EndDate], [RowStatus], [CreatedBy], [CreationDate], [UpdatedBy], [UpdatedDate], [DueDate], [Sequence]) VALUES (42, N'201805', CAST(N'2018-05-01T00:00:00.0000000' AS DateTime2), CAST(N'2018-05-31T00:00:00.0000000' AS DateTime2), 1, 1, CAST(N'2017-09-07T02:53:44.0633333' AS DateTime2), 1, CAST(N'2017-09-07T02:53:44.0633333' AS DateTime2), CAST(N'2018-05-28T00:00:00.0000000' AS DateTime2), 17)
INSERT [dbo].[Period] ([PeriodId], [Code], [BeginDate], [EndDate], [RowStatus], [CreatedBy], [CreationDate], [UpdatedBy], [UpdatedDate], [DueDate], [Sequence]) VALUES (43, N'201806', CAST(N'2018-06-01T00:00:00.0000000' AS DateTime2), CAST(N'2018-06-30T00:00:00.0000000' AS DateTime2), 1, 1, CAST(N'2017-09-07T02:53:44.0800000' AS DateTime2), 1, CAST(N'2017-09-07T02:53:44.0800000' AS DateTime2), CAST(N'2018-06-28T00:00:00.0000000' AS DateTime2), 18)
INSERT [dbo].[Period] ([PeriodId], [Code], [BeginDate], [EndDate], [RowStatus], [CreatedBy], [CreationDate], [UpdatedBy], [UpdatedDate], [DueDate], [Sequence]) VALUES (44, N'201807', CAST(N'2018-07-01T00:00:00.0000000' AS DateTime2), CAST(N'2018-07-31T00:00:00.0000000' AS DateTime2), 1, 1, CAST(N'2017-09-07T02:53:44.0966667' AS DateTime2), 1, CAST(N'2017-09-07T02:53:44.0966667' AS DateTime2), CAST(N'2018-07-28T00:00:00.0000000' AS DateTime2), 19)
INSERT [dbo].[Period] ([PeriodId], [Code], [BeginDate], [EndDate], [RowStatus], [CreatedBy], [CreationDate], [UpdatedBy], [UpdatedDate], [DueDate], [Sequence]) VALUES (45, N'201808', CAST(N'2018-08-01T00:00:00.0000000' AS DateTime2), CAST(N'2018-08-31T00:00:00.0000000' AS DateTime2), 1, 1, CAST(N'2017-09-07T02:53:44.0966667' AS DateTime2), 1, CAST(N'2017-09-07T02:53:44.0966667' AS DateTime2), CAST(N'2018-08-28T00:00:00.0000000' AS DateTime2), 20)
INSERT [dbo].[Period] ([PeriodId], [Code], [BeginDate], [EndDate], [RowStatus], [CreatedBy], [CreationDate], [UpdatedBy], [UpdatedDate], [DueDate], [Sequence]) VALUES (46, N'201809', CAST(N'2018-09-01T00:00:00.0000000' AS DateTime2), CAST(N'2018-09-30T00:00:00.0000000' AS DateTime2), 1, 1, CAST(N'2017-09-07T02:53:44.1100000' AS DateTime2), 1, CAST(N'2017-09-07T02:53:44.1100000' AS DateTime2), CAST(N'2018-09-28T00:00:00.0000000' AS DateTime2), 21)
INSERT [dbo].[Period] ([PeriodId], [Code], [BeginDate], [EndDate], [RowStatus], [CreatedBy], [CreationDate], [UpdatedBy], [UpdatedDate], [DueDate], [Sequence]) VALUES (47, N'201810', CAST(N'2018-10-01T00:00:00.0000000' AS DateTime2), CAST(N'2018-10-31T00:00:00.0000000' AS DateTime2), 1, 1, CAST(N'2017-09-07T02:53:44.1266667' AS DateTime2), 1, CAST(N'2017-09-07T02:53:44.1266667' AS DateTime2), CAST(N'2018-10-28T00:00:00.0000000' AS DateTime2), 22)
INSERT [dbo].[Period] ([PeriodId], [Code], [BeginDate], [EndDate], [RowStatus], [CreatedBy], [CreationDate], [UpdatedBy], [UpdatedDate], [DueDate], [Sequence]) VALUES (48, N'201811', CAST(N'2018-11-01T00:00:00.0000000' AS DateTime2), CAST(N'2018-11-30T00:00:00.0000000' AS DateTime2), 1, 1, CAST(N'2017-09-07T02:53:44.1266667' AS DateTime2), 1, CAST(N'2017-09-07T02:53:44.1266667' AS DateTime2), CAST(N'2018-11-28T00:00:00.0000000' AS DateTime2), 23)
INSERT [dbo].[Period] ([PeriodId], [Code], [BeginDate], [EndDate], [RowStatus], [CreatedBy], [CreationDate], [UpdatedBy], [UpdatedDate], [DueDate], [Sequence]) VALUES (49, N'201812', CAST(N'2018-12-01T00:00:00.0000000' AS DateTime2), CAST(N'2018-12-31T00:00:00.0000000' AS DateTime2), 1, 1, CAST(N'2017-09-07T02:53:44.1566667' AS DateTime2), 1, CAST(N'2017-09-07T02:53:44.1566667' AS DateTime2), CAST(N'2018-12-28T00:00:00.0000000' AS DateTime2), 24)
INSERT [dbo].[Period] ([PeriodId], [Code], [BeginDate], [EndDate], [RowStatus], [CreatedBy], [CreationDate], [UpdatedBy], [UpdatedDate], [DueDate], [Sequence]) VALUES (50, N'201601', CAST(N'2016-01-01T00:00:00.0000000' AS DateTime2), CAST(N'2016-01-31T00:00:00.0000000' AS DateTime2), 1, 1, CAST(N'2017-10-26T01:57:47.6066667' AS DateTime2), 1, CAST(N'2017-10-26T01:57:47.6066667' AS DateTime2), CAST(N'2016-01-28T00:00:00.0000000' AS DateTime2), 1)
INSERT [dbo].[Period] ([PeriodId], [Code], [BeginDate], [EndDate], [RowStatus], [CreatedBy], [CreationDate], [UpdatedBy], [UpdatedDate], [DueDate], [Sequence]) VALUES (51, N'201602', CAST(N'2016-02-01T00:00:00.0000000' AS DateTime2), CAST(N'2016-02-28T00:00:00.0000000' AS DateTime2), 1, 1, CAST(N'2017-10-26T01:57:47.6700000' AS DateTime2), 1, CAST(N'2017-10-26T01:57:47.6700000' AS DateTime2), CAST(N'2016-02-28T00:00:00.0000000' AS DateTime2), 2)
INSERT [dbo].[Period] ([PeriodId], [Code], [BeginDate], [EndDate], [RowStatus], [CreatedBy], [CreationDate], [UpdatedBy], [UpdatedDate], [DueDate], [Sequence]) VALUES (52, N'201603', CAST(N'2016-03-01T00:00:00.0000000' AS DateTime2), CAST(N'2016-03-31T00:00:00.0000000' AS DateTime2), 1, 1, CAST(N'2017-10-26T01:57:47.6700000' AS DateTime2), 1, CAST(N'2017-10-26T01:57:47.6700000' AS DateTime2), CAST(N'2016-03-28T00:00:00.0000000' AS DateTime2), 3)
INSERT [dbo].[Period] ([PeriodId], [Code], [BeginDate], [EndDate], [RowStatus], [CreatedBy], [CreationDate], [UpdatedBy], [UpdatedDate], [DueDate], [Sequence]) VALUES (53, N'201604', CAST(N'2016-04-01T00:00:00.0000000' AS DateTime2), CAST(N'2016-04-30T00:00:00.0000000' AS DateTime2), 1, 1, CAST(N'2017-10-26T01:57:47.6833333' AS DateTime2), 1, CAST(N'2017-10-26T01:57:47.6833333' AS DateTime2), CAST(N'2016-04-28T00:00:00.0000000' AS DateTime2), 4)
INSERT [dbo].[Period] ([PeriodId], [Code], [BeginDate], [EndDate], [RowStatus], [CreatedBy], [CreationDate], [UpdatedBy], [UpdatedDate], [DueDate], [Sequence]) VALUES (54, N'201605', CAST(N'2016-05-01T00:00:00.0000000' AS DateTime2), CAST(N'2016-05-31T00:00:00.0000000' AS DateTime2), 1, 1, CAST(N'2017-10-26T01:57:47.6833333' AS DateTime2), 1, CAST(N'2017-10-26T01:57:47.6833333' AS DateTime2), CAST(N'2016-05-28T00:00:00.0000000' AS DateTime2), 5)
INSERT [dbo].[Period] ([PeriodId], [Code], [BeginDate], [EndDate], [RowStatus], [CreatedBy], [CreationDate], [UpdatedBy], [UpdatedDate], [DueDate], [Sequence]) VALUES (55, N'201606', CAST(N'2016-06-01T00:00:00.0000000' AS DateTime2), CAST(N'2016-06-30T00:00:00.0000000' AS DateTime2), 1, 1, CAST(N'2017-10-26T01:57:47.7000000' AS DateTime2), 1, CAST(N'2017-10-26T01:57:47.7000000' AS DateTime2), CAST(N'2016-06-28T00:00:00.0000000' AS DateTime2), 6)
INSERT [dbo].[Period] ([PeriodId], [Code], [BeginDate], [EndDate], [RowStatus], [CreatedBy], [CreationDate], [UpdatedBy], [UpdatedDate], [DueDate], [Sequence]) VALUES (56, N'201607', CAST(N'2016-07-01T00:00:00.0000000' AS DateTime2), CAST(N'2016-07-31T00:00:00.0000000' AS DateTime2), 1, 1, CAST(N'2017-10-26T01:57:47.7000000' AS DateTime2), 1, CAST(N'2017-10-26T01:57:47.7000000' AS DateTime2), CAST(N'2016-07-28T00:00:00.0000000' AS DateTime2), 7)
INSERT [dbo].[Period] ([PeriodId], [Code], [BeginDate], [EndDate], [RowStatus], [CreatedBy], [CreationDate], [UpdatedBy], [UpdatedDate], [DueDate], [Sequence]) VALUES (57, N'201608', CAST(N'2016-08-01T00:00:00.0000000' AS DateTime2), CAST(N'2016-08-31T00:00:00.0000000' AS DateTime2), 1, 1, CAST(N'2017-10-26T01:57:47.7166667' AS DateTime2), 1, CAST(N'2017-10-26T01:57:47.7166667' AS DateTime2), CAST(N'2016-08-28T00:00:00.0000000' AS DateTime2), 8)
INSERT [dbo].[Period] ([PeriodId], [Code], [BeginDate], [EndDate], [RowStatus], [CreatedBy], [CreationDate], [UpdatedBy], [UpdatedDate], [DueDate], [Sequence]) VALUES (58, N'201609', CAST(N'2016-09-01T00:00:00.0000000' AS DateTime2), CAST(N'2016-09-30T00:00:00.0000000' AS DateTime2), 1, 1, CAST(N'2017-10-26T01:57:47.7166667' AS DateTime2), 1, CAST(N'2017-10-26T01:57:47.7166667' AS DateTime2), CAST(N'2016-09-28T00:00:00.0000000' AS DateTime2), 9)
INSERT [dbo].[Period] ([PeriodId], [Code], [BeginDate], [EndDate], [RowStatus], [CreatedBy], [CreationDate], [UpdatedBy], [UpdatedDate], [DueDate], [Sequence]) VALUES (59, N'201610', CAST(N'2016-10-01T00:00:00.0000000' AS DateTime2), CAST(N'2016-10-31T00:00:00.0000000' AS DateTime2), 1, 1, CAST(N'2017-10-26T01:57:47.7300000' AS DateTime2), 1, CAST(N'2017-10-26T01:57:47.7300000' AS DateTime2), CAST(N'2016-10-28T00:00:00.0000000' AS DateTime2), 10)
INSERT [dbo].[Period] ([PeriodId], [Code], [BeginDate], [EndDate], [RowStatus], [CreatedBy], [CreationDate], [UpdatedBy], [UpdatedDate], [DueDate], [Sequence]) VALUES (60, N'201611', CAST(N'2016-11-01T00:00:00.0000000' AS DateTime2), CAST(N'2016-11-30T00:00:00.0000000' AS DateTime2), 1, 1, CAST(N'2017-10-26T01:57:47.7300000' AS DateTime2), 1, CAST(N'2017-10-26T01:57:47.7300000' AS DateTime2), CAST(N'2016-11-28T00:00:00.0000000' AS DateTime2), 11)
INSERT [dbo].[Period] ([PeriodId], [Code], [BeginDate], [EndDate], [RowStatus], [CreatedBy], [CreationDate], [UpdatedBy], [UpdatedDate], [DueDate], [Sequence]) VALUES (61, N'201612', CAST(N'2016-12-01T00:00:00.0000000' AS DateTime2), CAST(N'2016-12-31T00:00:00.0000000' AS DateTime2), 1, 1, CAST(N'2017-10-26T01:57:47.7466667' AS DateTime2), 1, CAST(N'2017-10-26T01:57:47.7466667' AS DateTime2), CAST(N'2016-12-28T00:00:00.0000000' AS DateTime2), 12)
SET IDENTITY_INSERT [dbo].[Period] OFF
SET IDENTITY_INSERT [dbo].[Permission] ON 

INSERT [dbo].[Permission] ([PermissionId], [AmigoTenantTRoleId], [ActionId]) VALUES (1, 1, 25)
INSERT [dbo].[Permission] ([PermissionId], [AmigoTenantTRoleId], [ActionId]) VALUES (2, 1, 29)
INSERT [dbo].[Permission] ([PermissionId], [AmigoTenantTRoleId], [ActionId]) VALUES (3, 1, 30)
INSERT [dbo].[Permission] ([PermissionId], [AmigoTenantTRoleId], [ActionId]) VALUES (4, 1, 31)
INSERT [dbo].[Permission] ([PermissionId], [AmigoTenantTRoleId], [ActionId]) VALUES (5, 1, 28)
INSERT [dbo].[Permission] ([PermissionId], [AmigoTenantTRoleId], [ActionId]) VALUES (6, 1, 4)
INSERT [dbo].[Permission] ([PermissionId], [AmigoTenantTRoleId], [ActionId]) VALUES (7, 1, 6)
INSERT [dbo].[Permission] ([PermissionId], [AmigoTenantTRoleId], [ActionId]) VALUES (8, 1, 3)
INSERT [dbo].[Permission] ([PermissionId], [AmigoTenantTRoleId], [ActionId]) VALUES (9, 1, 5)
INSERT [dbo].[Permission] ([PermissionId], [AmigoTenantTRoleId], [ActionId]) VALUES (11, 1, 2)
INSERT [dbo].[Permission] ([PermissionId], [AmigoTenantTRoleId], [ActionId]) VALUES (12, 1, 23)
INSERT [dbo].[Permission] ([PermissionId], [AmigoTenantTRoleId], [ActionId]) VALUES (13, 1, 24)
INSERT [dbo].[Permission] ([PermissionId], [AmigoTenantTRoleId], [ActionId]) VALUES (14, 1, 8)
INSERT [dbo].[Permission] ([PermissionId], [AmigoTenantTRoleId], [ActionId]) VALUES (15, 1, 10)
INSERT [dbo].[Permission] ([PermissionId], [AmigoTenantTRoleId], [ActionId]) VALUES (16, 1, 7)
INSERT [dbo].[Permission] ([PermissionId], [AmigoTenantTRoleId], [ActionId]) VALUES (17, 1, 9)
INSERT [dbo].[Permission] ([PermissionId], [AmigoTenantTRoleId], [ActionId]) VALUES (18, 1, 12)
INSERT [dbo].[Permission] ([PermissionId], [AmigoTenantTRoleId], [ActionId]) VALUES (19, 1, 14)
INSERT [dbo].[Permission] ([PermissionId], [AmigoTenantTRoleId], [ActionId]) VALUES (20, 1, 11)
INSERT [dbo].[Permission] ([PermissionId], [AmigoTenantTRoleId], [ActionId]) VALUES (21, 1, 13)
INSERT [dbo].[Permission] ([PermissionId], [AmigoTenantTRoleId], [ActionId]) VALUES (22, 1, 26)
INSERT [dbo].[Permission] ([PermissionId], [AmigoTenantTRoleId], [ActionId]) VALUES (23, 1, 16)
INSERT [dbo].[Permission] ([PermissionId], [AmigoTenantTRoleId], [ActionId]) VALUES (24, 1, 18)
INSERT [dbo].[Permission] ([PermissionId], [AmigoTenantTRoleId], [ActionId]) VALUES (25, 1, 15)
INSERT [dbo].[Permission] ([PermissionId], [AmigoTenantTRoleId], [ActionId]) VALUES (26, 1, 17)
INSERT [dbo].[Permission] ([PermissionId], [AmigoTenantTRoleId], [ActionId]) VALUES (27, 1, 20)
INSERT [dbo].[Permission] ([PermissionId], [AmigoTenantTRoleId], [ActionId]) VALUES (28, 1, 22)
INSERT [dbo].[Permission] ([PermissionId], [AmigoTenantTRoleId], [ActionId]) VALUES (29, 1, 19)
INSERT [dbo].[Permission] ([PermissionId], [AmigoTenantTRoleId], [ActionId]) VALUES (30, 1, 21)
INSERT [dbo].[Permission] ([PermissionId], [AmigoTenantTRoleId], [ActionId]) VALUES (31, 1, 27)
INSERT [dbo].[Permission] ([PermissionId], [AmigoTenantTRoleId], [ActionId]) VALUES (32, 2, 1)
INSERT [dbo].[Permission] ([PermissionId], [AmigoTenantTRoleId], [ActionId]) VALUES (33, 2, 2)
INSERT [dbo].[Permission] ([PermissionId], [AmigoTenantTRoleId], [ActionId]) VALUES (34, 2, 3)
INSERT [dbo].[Permission] ([PermissionId], [AmigoTenantTRoleId], [ActionId]) VALUES (35, 2, 4)
INSERT [dbo].[Permission] ([PermissionId], [AmigoTenantTRoleId], [ActionId]) VALUES (36, 2, 5)
INSERT [dbo].[Permission] ([PermissionId], [AmigoTenantTRoleId], [ActionId]) VALUES (37, 2, 6)
INSERT [dbo].[Permission] ([PermissionId], [AmigoTenantTRoleId], [ActionId]) VALUES (38, 2, 7)
INSERT [dbo].[Permission] ([PermissionId], [AmigoTenantTRoleId], [ActionId]) VALUES (39, 2, 8)
INSERT [dbo].[Permission] ([PermissionId], [AmigoTenantTRoleId], [ActionId]) VALUES (40, 2, 9)
INSERT [dbo].[Permission] ([PermissionId], [AmigoTenantTRoleId], [ActionId]) VALUES (41, 2, 10)
INSERT [dbo].[Permission] ([PermissionId], [AmigoTenantTRoleId], [ActionId]) VALUES (42, 2, 19)
INSERT [dbo].[Permission] ([PermissionId], [AmigoTenantTRoleId], [ActionId]) VALUES (43, 2, 20)
INSERT [dbo].[Permission] ([PermissionId], [AmigoTenantTRoleId], [ActionId]) VALUES (44, 2, 21)
INSERT [dbo].[Permission] ([PermissionId], [AmigoTenantTRoleId], [ActionId]) VALUES (45, 2, 22)
INSERT [dbo].[Permission] ([PermissionId], [AmigoTenantTRoleId], [ActionId]) VALUES (46, 2, 23)
INSERT [dbo].[Permission] ([PermissionId], [AmigoTenantTRoleId], [ActionId]) VALUES (47, 2, 24)
INSERT [dbo].[Permission] ([PermissionId], [AmigoTenantTRoleId], [ActionId]) VALUES (48, 2, 25)
INSERT [dbo].[Permission] ([PermissionId], [AmigoTenantTRoleId], [ActionId]) VALUES (49, 2, 26)
INSERT [dbo].[Permission] ([PermissionId], [AmigoTenantTRoleId], [ActionId]) VALUES (50, 2, 27)
INSERT [dbo].[Permission] ([PermissionId], [AmigoTenantTRoleId], [ActionId]) VALUES (51, 2, 28)
INSERT [dbo].[Permission] ([PermissionId], [AmigoTenantTRoleId], [ActionId]) VALUES (52, 2, 29)
INSERT [dbo].[Permission] ([PermissionId], [AmigoTenantTRoleId], [ActionId]) VALUES (53, 2, 30)
INSERT [dbo].[Permission] ([PermissionId], [AmigoTenantTRoleId], [ActionId]) VALUES (54, 2, 31)
INSERT [dbo].[Permission] ([PermissionId], [AmigoTenantTRoleId], [ActionId]) VALUES (55, 5, 1)
INSERT [dbo].[Permission] ([PermissionId], [AmigoTenantTRoleId], [ActionId]) VALUES (56, 5, 2)
INSERT [dbo].[Permission] ([PermissionId], [AmigoTenantTRoleId], [ActionId]) VALUES (57, 5, 23)
INSERT [dbo].[Permission] ([PermissionId], [AmigoTenantTRoleId], [ActionId]) VALUES (58, 5, 24)
INSERT [dbo].[Permission] ([PermissionId], [AmigoTenantTRoleId], [ActionId]) VALUES (59, 5, 25)
INSERT [dbo].[Permission] ([PermissionId], [AmigoTenantTRoleId], [ActionId]) VALUES (60, 5, 26)
INSERT [dbo].[Permission] ([PermissionId], [AmigoTenantTRoleId], [ActionId]) VALUES (62, 5, 28)
INSERT [dbo].[Permission] ([PermissionId], [AmigoTenantTRoleId], [ActionId]) VALUES (63, 5, 29)
INSERT [dbo].[Permission] ([PermissionId], [AmigoTenantTRoleId], [ActionId]) VALUES (64, 5, 30)
INSERT [dbo].[Permission] ([PermissionId], [AmigoTenantTRoleId], [ActionId]) VALUES (65, 5, 31)
INSERT [dbo].[Permission] ([PermissionId], [AmigoTenantTRoleId], [ActionId]) VALUES (75, 1, 1)
INSERT [dbo].[Permission] ([PermissionId], [AmigoTenantTRoleId], [ActionId]) VALUES (77, 5, 27)
INSERT [dbo].[Permission] ([PermissionId], [AmigoTenantTRoleId], [ActionId]) VALUES (90, 2, 32)
INSERT [dbo].[Permission] ([PermissionId], [AmigoTenantTRoleId], [ActionId]) VALUES (122, 11, 3)
INSERT [dbo].[Permission] ([PermissionId], [AmigoTenantTRoleId], [ActionId]) VALUES (123, 11, 4)
INSERT [dbo].[Permission] ([PermissionId], [AmigoTenantTRoleId], [ActionId]) VALUES (124, 11, 5)
INSERT [dbo].[Permission] ([PermissionId], [AmigoTenantTRoleId], [ActionId]) VALUES (125, 11, 6)
INSERT [dbo].[Permission] ([PermissionId], [AmigoTenantTRoleId], [ActionId]) VALUES (126, 11, 7)
INSERT [dbo].[Permission] ([PermissionId], [AmigoTenantTRoleId], [ActionId]) VALUES (127, 11, 8)
INSERT [dbo].[Permission] ([PermissionId], [AmigoTenantTRoleId], [ActionId]) VALUES (128, 11, 9)
INSERT [dbo].[Permission] ([PermissionId], [AmigoTenantTRoleId], [ActionId]) VALUES (129, 11, 10)
INSERT [dbo].[Permission] ([PermissionId], [AmigoTenantTRoleId], [ActionId]) VALUES (135, 13, 3)
INSERT [dbo].[Permission] ([PermissionId], [AmigoTenantTRoleId], [ActionId]) VALUES (136, 12, 3)
INSERT [dbo].[Permission] ([PermissionId], [AmigoTenantTRoleId], [ActionId]) VALUES (137, 12, 4)
INSERT [dbo].[Permission] ([PermissionId], [AmigoTenantTRoleId], [ActionId]) VALUES (138, 13, 23)
INSERT [dbo].[Permission] ([PermissionId], [AmigoTenantTRoleId], [ActionId]) VALUES (139, 13, 24)
INSERT [dbo].[Permission] ([PermissionId], [AmigoTenantTRoleId], [ActionId]) VALUES (140, 13, 25)
INSERT [dbo].[Permission] ([PermissionId], [AmigoTenantTRoleId], [ActionId]) VALUES (141, 13, 5)
INSERT [dbo].[Permission] ([PermissionId], [AmigoTenantTRoleId], [ActionId]) VALUES (142, 13, 4)
INSERT [dbo].[Permission] ([PermissionId], [AmigoTenantTRoleId], [ActionId]) VALUES (143, 13, 6)
INSERT [dbo].[Permission] ([PermissionId], [AmigoTenantTRoleId], [ActionId]) VALUES (144, 13, 1)
INSERT [dbo].[Permission] ([PermissionId], [AmigoTenantTRoleId], [ActionId]) VALUES (145, 13, 2)
INSERT [dbo].[Permission] ([PermissionId], [AmigoTenantTRoleId], [ActionId]) VALUES (150, 14, 7)
INSERT [dbo].[Permission] ([PermissionId], [AmigoTenantTRoleId], [ActionId]) VALUES (151, 14, 8)
INSERT [dbo].[Permission] ([PermissionId], [AmigoTenantTRoleId], [ActionId]) VALUES (152, 14, 9)
INSERT [dbo].[Permission] ([PermissionId], [AmigoTenantTRoleId], [ActionId]) VALUES (153, 14, 10)
INSERT [dbo].[Permission] ([PermissionId], [AmigoTenantTRoleId], [ActionId]) VALUES (154, 14, 19)
INSERT [dbo].[Permission] ([PermissionId], [AmigoTenantTRoleId], [ActionId]) VALUES (155, 14, 20)
INSERT [dbo].[Permission] ([PermissionId], [AmigoTenantTRoleId], [ActionId]) VALUES (156, 14, 21)
INSERT [dbo].[Permission] ([PermissionId], [AmigoTenantTRoleId], [ActionId]) VALUES (157, 14, 22)
INSERT [dbo].[Permission] ([PermissionId], [AmigoTenantTRoleId], [ActionId]) VALUES (159, 14, 23)
INSERT [dbo].[Permission] ([PermissionId], [AmigoTenantTRoleId], [ActionId]) VALUES (160, 14, 24)
INSERT [dbo].[Permission] ([PermissionId], [AmigoTenantTRoleId], [ActionId]) VALUES (161, 14, 25)
INSERT [dbo].[Permission] ([PermissionId], [AmigoTenantTRoleId], [ActionId]) VALUES (162, 14, 28)
INSERT [dbo].[Permission] ([PermissionId], [AmigoTenantTRoleId], [ActionId]) VALUES (163, 14, 31)
INSERT [dbo].[Permission] ([PermissionId], [AmigoTenantTRoleId], [ActionId]) VALUES (178, 4, 1)
GO
INSERT [dbo].[Permission] ([PermissionId], [AmigoTenantTRoleId], [ActionId]) VALUES (180, 14, 3)
INSERT [dbo].[Permission] ([PermissionId], [AmigoTenantTRoleId], [ActionId]) VALUES (181, 14, 4)
INSERT [dbo].[Permission] ([PermissionId], [AmigoTenantTRoleId], [ActionId]) VALUES (182, 14, 5)
INSERT [dbo].[Permission] ([PermissionId], [AmigoTenantTRoleId], [ActionId]) VALUES (183, 14, 6)
INSERT [dbo].[Permission] ([PermissionId], [AmigoTenantTRoleId], [ActionId]) VALUES (184, 14, 1)
INSERT [dbo].[Permission] ([PermissionId], [AmigoTenantTRoleId], [ActionId]) VALUES (186, 4, 24)
INSERT [dbo].[Permission] ([PermissionId], [AmigoTenantTRoleId], [ActionId]) VALUES (187, 4, 28)
INSERT [dbo].[Permission] ([PermissionId], [AmigoTenantTRoleId], [ActionId]) VALUES (188, 4, 31)
INSERT [dbo].[Permission] ([PermissionId], [AmigoTenantTRoleId], [ActionId]) VALUES (189, 4, 30)
INSERT [dbo].[Permission] ([PermissionId], [AmigoTenantTRoleId], [ActionId]) VALUES (190, 4, 29)
INSERT [dbo].[Permission] ([PermissionId], [AmigoTenantTRoleId], [ActionId]) VALUES (191, 15, 3)
INSERT [dbo].[Permission] ([PermissionId], [AmigoTenantTRoleId], [ActionId]) VALUES (192, 15, 4)
INSERT [dbo].[Permission] ([PermissionId], [AmigoTenantTRoleId], [ActionId]) VALUES (193, 15, 5)
INSERT [dbo].[Permission] ([PermissionId], [AmigoTenantTRoleId], [ActionId]) VALUES (194, 15, 6)
INSERT [dbo].[Permission] ([PermissionId], [AmigoTenantTRoleId], [ActionId]) VALUES (195, 15, 7)
INSERT [dbo].[Permission] ([PermissionId], [AmigoTenantTRoleId], [ActionId]) VALUES (196, 15, 8)
INSERT [dbo].[Permission] ([PermissionId], [AmigoTenantTRoleId], [ActionId]) VALUES (197, 15, 9)
INSERT [dbo].[Permission] ([PermissionId], [AmigoTenantTRoleId], [ActionId]) VALUES (198, 15, 10)
INSERT [dbo].[Permission] ([PermissionId], [AmigoTenantTRoleId], [ActionId]) VALUES (199, 15, 25)
INSERT [dbo].[Permission] ([PermissionId], [AmigoTenantTRoleId], [ActionId]) VALUES (200, 16, 3)
INSERT [dbo].[Permission] ([PermissionId], [AmigoTenantTRoleId], [ActionId]) VALUES (201, 16, 4)
INSERT [dbo].[Permission] ([PermissionId], [AmigoTenantTRoleId], [ActionId]) VALUES (202, 16, 5)
INSERT [dbo].[Permission] ([PermissionId], [AmigoTenantTRoleId], [ActionId]) VALUES (203, 16, 6)
INSERT [dbo].[Permission] ([PermissionId], [AmigoTenantTRoleId], [ActionId]) VALUES (204, 16, 25)
INSERT [dbo].[Permission] ([PermissionId], [AmigoTenantTRoleId], [ActionId]) VALUES (205, 14, 29)
INSERT [dbo].[Permission] ([PermissionId], [AmigoTenantTRoleId], [ActionId]) VALUES (206, 14, 30)
INSERT [dbo].[Permission] ([PermissionId], [AmigoTenantTRoleId], [ActionId]) VALUES (207, 17, 23)
INSERT [dbo].[Permission] ([PermissionId], [AmigoTenantTRoleId], [ActionId]) VALUES (208, 17, 24)
INSERT [dbo].[Permission] ([PermissionId], [AmigoTenantTRoleId], [ActionId]) VALUES (209, 17, 27)
INSERT [dbo].[Permission] ([PermissionId], [AmigoTenantTRoleId], [ActionId]) VALUES (210, 17, 26)
INSERT [dbo].[Permission] ([PermissionId], [AmigoTenantTRoleId], [ActionId]) VALUES (215, 17, 7)
INSERT [dbo].[Permission] ([PermissionId], [AmigoTenantTRoleId], [ActionId]) VALUES (216, 17, 8)
INSERT [dbo].[Permission] ([PermissionId], [AmigoTenantTRoleId], [ActionId]) VALUES (217, 17, 9)
INSERT [dbo].[Permission] ([PermissionId], [AmigoTenantTRoleId], [ActionId]) VALUES (218, 17, 19)
INSERT [dbo].[Permission] ([PermissionId], [AmigoTenantTRoleId], [ActionId]) VALUES (219, 17, 20)
INSERT [dbo].[Permission] ([PermissionId], [AmigoTenantTRoleId], [ActionId]) VALUES (220, 17, 21)
INSERT [dbo].[Permission] ([PermissionId], [AmigoTenantTRoleId], [ActionId]) VALUES (222, 17, 3)
INSERT [dbo].[Permission] ([PermissionId], [AmigoTenantTRoleId], [ActionId]) VALUES (225, 18, 23)
INSERT [dbo].[Permission] ([PermissionId], [AmigoTenantTRoleId], [ActionId]) VALUES (226, 18, 24)
INSERT [dbo].[Permission] ([PermissionId], [AmigoTenantTRoleId], [ActionId]) VALUES (227, 18, 25)
INSERT [dbo].[Permission] ([PermissionId], [AmigoTenantTRoleId], [ActionId]) VALUES (229, 18, 4)
INSERT [dbo].[Permission] ([PermissionId], [AmigoTenantTRoleId], [ActionId]) VALUES (230, 18, 5)
INSERT [dbo].[Permission] ([PermissionId], [AmigoTenantTRoleId], [ActionId]) VALUES (231, 18, 6)
INSERT [dbo].[Permission] ([PermissionId], [AmigoTenantTRoleId], [ActionId]) VALUES (232, 18, 3)
INSERT [dbo].[Permission] ([PermissionId], [AmigoTenantTRoleId], [ActionId]) VALUES (233, 1, 33)
INSERT [dbo].[Permission] ([PermissionId], [AmigoTenantTRoleId], [ActionId]) VALUES (234, 2, 33)
INSERT [dbo].[Permission] ([PermissionId], [AmigoTenantTRoleId], [ActionId]) VALUES (235, 3, 33)
INSERT [dbo].[Permission] ([PermissionId], [AmigoTenantTRoleId], [ActionId]) VALUES (236, 4, 33)
INSERT [dbo].[Permission] ([PermissionId], [AmigoTenantTRoleId], [ActionId]) VALUES (237, 5, 33)
INSERT [dbo].[Permission] ([PermissionId], [AmigoTenantTRoleId], [ActionId]) VALUES (238, 14, 33)
INSERT [dbo].[Permission] ([PermissionId], [AmigoTenantTRoleId], [ActionId]) VALUES (239, 17, 33)
INSERT [dbo].[Permission] ([PermissionId], [AmigoTenantTRoleId], [ActionId]) VALUES (240, 1, 34)
INSERT [dbo].[Permission] ([PermissionId], [AmigoTenantTRoleId], [ActionId]) VALUES (241, 2, 34)
INSERT [dbo].[Permission] ([PermissionId], [AmigoTenantTRoleId], [ActionId]) VALUES (242, 3, 34)
INSERT [dbo].[Permission] ([PermissionId], [AmigoTenantTRoleId], [ActionId]) VALUES (243, 4, 34)
INSERT [dbo].[Permission] ([PermissionId], [AmigoTenantTRoleId], [ActionId]) VALUES (244, 5, 34)
INSERT [dbo].[Permission] ([PermissionId], [AmigoTenantTRoleId], [ActionId]) VALUES (245, 14, 34)
INSERT [dbo].[Permission] ([PermissionId], [AmigoTenantTRoleId], [ActionId]) VALUES (246, 17, 34)
INSERT [dbo].[Permission] ([PermissionId], [AmigoTenantTRoleId], [ActionId]) VALUES (247, 1, 35)
INSERT [dbo].[Permission] ([PermissionId], [AmigoTenantTRoleId], [ActionId]) VALUES (248, 2, 35)
INSERT [dbo].[Permission] ([PermissionId], [AmigoTenantTRoleId], [ActionId]) VALUES (249, 3, 35)
INSERT [dbo].[Permission] ([PermissionId], [AmigoTenantTRoleId], [ActionId]) VALUES (250, 4, 35)
INSERT [dbo].[Permission] ([PermissionId], [AmigoTenantTRoleId], [ActionId]) VALUES (251, 5, 35)
INSERT [dbo].[Permission] ([PermissionId], [AmigoTenantTRoleId], [ActionId]) VALUES (252, 14, 35)
INSERT [dbo].[Permission] ([PermissionId], [AmigoTenantTRoleId], [ActionId]) VALUES (253, 17, 35)
INSERT [dbo].[Permission] ([PermissionId], [AmigoTenantTRoleId], [ActionId]) VALUES (254, 1, 36)
INSERT [dbo].[Permission] ([PermissionId], [AmigoTenantTRoleId], [ActionId]) VALUES (255, 2, 36)
INSERT [dbo].[Permission] ([PermissionId], [AmigoTenantTRoleId], [ActionId]) VALUES (256, 3, 36)
INSERT [dbo].[Permission] ([PermissionId], [AmigoTenantTRoleId], [ActionId]) VALUES (257, 4, 36)
INSERT [dbo].[Permission] ([PermissionId], [AmigoTenantTRoleId], [ActionId]) VALUES (258, 5, 36)
INSERT [dbo].[Permission] ([PermissionId], [AmigoTenantTRoleId], [ActionId]) VALUES (259, 14, 36)
INSERT [dbo].[Permission] ([PermissionId], [AmigoTenantTRoleId], [ActionId]) VALUES (260, 17, 36)
INSERT [dbo].[Permission] ([PermissionId], [AmigoTenantTRoleId], [ActionId]) VALUES (261, 1, 37)
INSERT [dbo].[Permission] ([PermissionId], [AmigoTenantTRoleId], [ActionId]) VALUES (262, 2, 37)
INSERT [dbo].[Permission] ([PermissionId], [AmigoTenantTRoleId], [ActionId]) VALUES (263, 3, 37)
INSERT [dbo].[Permission] ([PermissionId], [AmigoTenantTRoleId], [ActionId]) VALUES (264, 4, 37)
INSERT [dbo].[Permission] ([PermissionId], [AmigoTenantTRoleId], [ActionId]) VALUES (265, 5, 37)
INSERT [dbo].[Permission] ([PermissionId], [AmigoTenantTRoleId], [ActionId]) VALUES (266, 14, 37)
INSERT [dbo].[Permission] ([PermissionId], [AmigoTenantTRoleId], [ActionId]) VALUES (267, 17, 37)
INSERT [dbo].[Permission] ([PermissionId], [AmigoTenantTRoleId], [ActionId]) VALUES (268, 1, 38)
INSERT [dbo].[Permission] ([PermissionId], [AmigoTenantTRoleId], [ActionId]) VALUES (269, 2, 38)
INSERT [dbo].[Permission] ([PermissionId], [AmigoTenantTRoleId], [ActionId]) VALUES (270, 3, 38)
INSERT [dbo].[Permission] ([PermissionId], [AmigoTenantTRoleId], [ActionId]) VALUES (271, 4, 38)
INSERT [dbo].[Permission] ([PermissionId], [AmigoTenantTRoleId], [ActionId]) VALUES (272, 5, 38)
INSERT [dbo].[Permission] ([PermissionId], [AmigoTenantTRoleId], [ActionId]) VALUES (273, 14, 38)
INSERT [dbo].[Permission] ([PermissionId], [AmigoTenantTRoleId], [ActionId]) VALUES (274, 17, 38)
INSERT [dbo].[Permission] ([PermissionId], [AmigoTenantTRoleId], [ActionId]) VALUES (275, 1, 39)
INSERT [dbo].[Permission] ([PermissionId], [AmigoTenantTRoleId], [ActionId]) VALUES (276, 2, 39)
INSERT [dbo].[Permission] ([PermissionId], [AmigoTenantTRoleId], [ActionId]) VALUES (277, 3, 39)
INSERT [dbo].[Permission] ([PermissionId], [AmigoTenantTRoleId], [ActionId]) VALUES (278, 4, 39)
INSERT [dbo].[Permission] ([PermissionId], [AmigoTenantTRoleId], [ActionId]) VALUES (279, 5, 39)
INSERT [dbo].[Permission] ([PermissionId], [AmigoTenantTRoleId], [ActionId]) VALUES (280, 14, 39)
INSERT [dbo].[Permission] ([PermissionId], [AmigoTenantTRoleId], [ActionId]) VALUES (281, 17, 39)
INSERT [dbo].[Permission] ([PermissionId], [AmigoTenantTRoleId], [ActionId]) VALUES (282, 1, 40)
INSERT [dbo].[Permission] ([PermissionId], [AmigoTenantTRoleId], [ActionId]) VALUES (283, 2, 40)
INSERT [dbo].[Permission] ([PermissionId], [AmigoTenantTRoleId], [ActionId]) VALUES (284, 3, 40)
INSERT [dbo].[Permission] ([PermissionId], [AmigoTenantTRoleId], [ActionId]) VALUES (285, 4, 40)
INSERT [dbo].[Permission] ([PermissionId], [AmigoTenantTRoleId], [ActionId]) VALUES (286, 5, 40)
INSERT [dbo].[Permission] ([PermissionId], [AmigoTenantTRoleId], [ActionId]) VALUES (287, 14, 40)
INSERT [dbo].[Permission] ([PermissionId], [AmigoTenantTRoleId], [ActionId]) VALUES (288, 17, 40)
GO
INSERT [dbo].[Permission] ([PermissionId], [AmigoTenantTRoleId], [ActionId]) VALUES (289, 1, 41)
INSERT [dbo].[Permission] ([PermissionId], [AmigoTenantTRoleId], [ActionId]) VALUES (290, 2, 41)
INSERT [dbo].[Permission] ([PermissionId], [AmigoTenantTRoleId], [ActionId]) VALUES (291, 3, 41)
INSERT [dbo].[Permission] ([PermissionId], [AmigoTenantTRoleId], [ActionId]) VALUES (292, 4, 41)
INSERT [dbo].[Permission] ([PermissionId], [AmigoTenantTRoleId], [ActionId]) VALUES (293, 5, 41)
INSERT [dbo].[Permission] ([PermissionId], [AmigoTenantTRoleId], [ActionId]) VALUES (294, 1, 42)
INSERT [dbo].[Permission] ([PermissionId], [AmigoTenantTRoleId], [ActionId]) VALUES (295, 2, 42)
INSERT [dbo].[Permission] ([PermissionId], [AmigoTenantTRoleId], [ActionId]) VALUES (296, 3, 42)
INSERT [dbo].[Permission] ([PermissionId], [AmigoTenantTRoleId], [ActionId]) VALUES (297, 4, 42)
INSERT [dbo].[Permission] ([PermissionId], [AmigoTenantTRoleId], [ActionId]) VALUES (298, 5, 42)
INSERT [dbo].[Permission] ([PermissionId], [AmigoTenantTRoleId], [ActionId]) VALUES (299, 1, 43)
INSERT [dbo].[Permission] ([PermissionId], [AmigoTenantTRoleId], [ActionId]) VALUES (300, 2, 43)
INSERT [dbo].[Permission] ([PermissionId], [AmigoTenantTRoleId], [ActionId]) VALUES (301, 3, 43)
INSERT [dbo].[Permission] ([PermissionId], [AmigoTenantTRoleId], [ActionId]) VALUES (302, 4, 43)
INSERT [dbo].[Permission] ([PermissionId], [AmigoTenantTRoleId], [ActionId]) VALUES (303, 5, 43)
INSERT [dbo].[Permission] ([PermissionId], [AmigoTenantTRoleId], [ActionId]) VALUES (304, 1, 44)
INSERT [dbo].[Permission] ([PermissionId], [AmigoTenantTRoleId], [ActionId]) VALUES (305, 2, 44)
INSERT [dbo].[Permission] ([PermissionId], [AmigoTenantTRoleId], [ActionId]) VALUES (306, 3, 44)
INSERT [dbo].[Permission] ([PermissionId], [AmigoTenantTRoleId], [ActionId]) VALUES (307, 4, 44)
INSERT [dbo].[Permission] ([PermissionId], [AmigoTenantTRoleId], [ActionId]) VALUES (308, 5, 44)
INSERT [dbo].[Permission] ([PermissionId], [AmigoTenantTRoleId], [ActionId]) VALUES (345, 1, 45)
INSERT [dbo].[Permission] ([PermissionId], [AmigoTenantTRoleId], [ActionId]) VALUES (346, 2, 45)
INSERT [dbo].[Permission] ([PermissionId], [AmigoTenantTRoleId], [ActionId]) VALUES (347, 3, 45)
INSERT [dbo].[Permission] ([PermissionId], [AmigoTenantTRoleId], [ActionId]) VALUES (348, 4, 45)
INSERT [dbo].[Permission] ([PermissionId], [AmigoTenantTRoleId], [ActionId]) VALUES (349, 5, 45)
INSERT [dbo].[Permission] ([PermissionId], [AmigoTenantTRoleId], [ActionId]) VALUES (350, 1, 46)
INSERT [dbo].[Permission] ([PermissionId], [AmigoTenantTRoleId], [ActionId]) VALUES (351, 2, 46)
INSERT [dbo].[Permission] ([PermissionId], [AmigoTenantTRoleId], [ActionId]) VALUES (352, 3, 46)
INSERT [dbo].[Permission] ([PermissionId], [AmigoTenantTRoleId], [ActionId]) VALUES (353, 4, 46)
INSERT [dbo].[Permission] ([PermissionId], [AmigoTenantTRoleId], [ActionId]) VALUES (354, 5, 46)
INSERT [dbo].[Permission] ([PermissionId], [AmigoTenantTRoleId], [ActionId]) VALUES (355, 1, 47)
INSERT [dbo].[Permission] ([PermissionId], [AmigoTenantTRoleId], [ActionId]) VALUES (356, 2, 47)
INSERT [dbo].[Permission] ([PermissionId], [AmigoTenantTRoleId], [ActionId]) VALUES (357, 3, 47)
INSERT [dbo].[Permission] ([PermissionId], [AmigoTenantTRoleId], [ActionId]) VALUES (358, 4, 47)
INSERT [dbo].[Permission] ([PermissionId], [AmigoTenantTRoleId], [ActionId]) VALUES (359, 5, 47)
INSERT [dbo].[Permission] ([PermissionId], [AmigoTenantTRoleId], [ActionId]) VALUES (360, 1, 48)
INSERT [dbo].[Permission] ([PermissionId], [AmigoTenantTRoleId], [ActionId]) VALUES (361, 2, 48)
INSERT [dbo].[Permission] ([PermissionId], [AmigoTenantTRoleId], [ActionId]) VALUES (362, 3, 48)
INSERT [dbo].[Permission] ([PermissionId], [AmigoTenantTRoleId], [ActionId]) VALUES (363, 4, 48)
INSERT [dbo].[Permission] ([PermissionId], [AmigoTenantTRoleId], [ActionId]) VALUES (364, 5, 48)
INSERT [dbo].[Permission] ([PermissionId], [AmigoTenantTRoleId], [ActionId]) VALUES (385, 1, 53)
INSERT [dbo].[Permission] ([PermissionId], [AmigoTenantTRoleId], [ActionId]) VALUES (386, 2, 53)
INSERT [dbo].[Permission] ([PermissionId], [AmigoTenantTRoleId], [ActionId]) VALUES (387, 3, 53)
INSERT [dbo].[Permission] ([PermissionId], [AmigoTenantTRoleId], [ActionId]) VALUES (388, 4, 53)
INSERT [dbo].[Permission] ([PermissionId], [AmigoTenantTRoleId], [ActionId]) VALUES (389, 5, 53)
INSERT [dbo].[Permission] ([PermissionId], [AmigoTenantTRoleId], [ActionId]) VALUES (390, 1, 54)
INSERT [dbo].[Permission] ([PermissionId], [AmigoTenantTRoleId], [ActionId]) VALUES (391, 2, 54)
INSERT [dbo].[Permission] ([PermissionId], [AmigoTenantTRoleId], [ActionId]) VALUES (392, 3, 54)
INSERT [dbo].[Permission] ([PermissionId], [AmigoTenantTRoleId], [ActionId]) VALUES (393, 4, 54)
INSERT [dbo].[Permission] ([PermissionId], [AmigoTenantTRoleId], [ActionId]) VALUES (394, 5, 54)
INSERT [dbo].[Permission] ([PermissionId], [AmigoTenantTRoleId], [ActionId]) VALUES (395, 1, 55)
INSERT [dbo].[Permission] ([PermissionId], [AmigoTenantTRoleId], [ActionId]) VALUES (396, 2, 55)
INSERT [dbo].[Permission] ([PermissionId], [AmigoTenantTRoleId], [ActionId]) VALUES (397, 3, 55)
INSERT [dbo].[Permission] ([PermissionId], [AmigoTenantTRoleId], [ActionId]) VALUES (398, 4, 55)
INSERT [dbo].[Permission] ([PermissionId], [AmigoTenantTRoleId], [ActionId]) VALUES (399, 5, 55)
INSERT [dbo].[Permission] ([PermissionId], [AmigoTenantTRoleId], [ActionId]) VALUES (400, 1, 56)
INSERT [dbo].[Permission] ([PermissionId], [AmigoTenantTRoleId], [ActionId]) VALUES (401, 2, 56)
INSERT [dbo].[Permission] ([PermissionId], [AmigoTenantTRoleId], [ActionId]) VALUES (402, 3, 56)
INSERT [dbo].[Permission] ([PermissionId], [AmigoTenantTRoleId], [ActionId]) VALUES (403, 4, 56)
INSERT [dbo].[Permission] ([PermissionId], [AmigoTenantTRoleId], [ActionId]) VALUES (404, 5, 56)
SET IDENTITY_INSERT [dbo].[Permission] OFF
SET IDENTITY_INSERT [dbo].[ServiceHouse] ON 

INSERT [dbo].[ServiceHouse] ([ServiceId], [ConceptId], [BusinessPartnerId], [ServiceTypeId], [RowStatus], [CreatedBy], [CreationDate], [UpdatedBy], [UpdatedDate]) VALUES (1, 21, 3, 32, 1, 1, CAST(N'2017-09-18T04:19:22.5533333' AS DateTime2), NULL, NULL)
SET IDENTITY_INSERT [dbo].[ServiceHouse] OFF
SET IDENTITY_INSERT [dbo].[State] ON 

INSERT [dbo].[State] ([StateId], [Code], [Name], [CountryId], [RowStatus], [CreatedBy], [CreationDate], [UpdatedBy], [UpdatedDate]) VALUES (1, N'TX', N'Texas', 1, 1, 1, CAST(N'2017-01-16T17:38:03.6130000' AS DateTime2), 1, CAST(N'2017-01-16T17:38:03.6130000' AS DateTime2))
SET IDENTITY_INSERT [dbo].[State] OFF
SET IDENTITY_INSERT [sec].[ClientCorsOrigins] ON 